2022-11-22 21:12:22.559136,0.9,0.5,0.6,0.5,0.0,6.0,0.0,4.0,E:\GraAcademic\age_contact_and_no_age_seaiq_1107\data\output_source\no_age-structured_output_source\all_states_numbers_no_age_p=0.90_l=0.00_k=0.00.csv
2022-11-22 21:12:22.588139,0.9,0.5,0.6,0.5,0.0,6.0,0.1,4.0,E:\GraAcademic\age_contact_and_no_age_seaiq_1107\data\output_source\no_age-structured_output_source\all_states_numbers_no_age_p=0.90_l=0.00_k=0.10.csv
2022-11-22 21:12:22.622659,0.9,0.5,0.6,0.5,0.0,6.0,0.2,4.0,E:\GraAcademic\age_contact_and_no_age_seaiq_1107\data\output_source\no_age-structured_output_source\all_states_numbers_no_age_p=0.90_l=0.00_k=0.20.csv
2022-11-22 21:12:22.660660,0.9,0.5,0.6,0.5,0.0,6.0,0.3,4.0,E:\GraAcademic\age_contact_and_no_age_seaiq_1107\data\output_source\no_age-structured_output_source\all_states_numbers_no_age_p=0.90_l=0.00_k=0.30.csv
2022-11-22 21:12:22.696667,0.9,0.5,0.6,0.5,0.0,6.0,0.4,4.0,E:\GraAcademic\age_contact_and_no_age_seaiq_1107\data\output_source\no_age-structured_output_source\all_states_numbers_no_age_p=0.90_l=0.00_k=0.40.csv
2022-11-22 21:12:22.726181,0.9,0.5,0.6,0.5,0.0,6.0,0.5,4.0,E:\GraAcademic\age_contact_and_no_age_seaiq_1107\data\output_source\no_age-structured_output_source\all_states_numbers_no_age_p=0.90_l=0.00_k=0.50.csv
2022-11-22 21:12:22.759184,0.9,0.5,0.6,0.5,0.0,6.0,0.6,4.0,E:\GraAcademic\age_contact_and_no_age_seaiq_1107\data\output_source\no_age-structured_output_source\all_states_numbers_no_age_p=0.90_l=0.00_k=0.60.csv
2022-11-22 21:12:22.793192,0.9,0.5,0.6,0.5,0.0,6.0,0.7,4.0,E:\GraAcademic\age_contact_and_no_age_seaiq_1107\data\output_source\no_age-structured_output_source\all_states_numbers_no_age_p=0.90_l=0.00_k=0.70.csv
2022-11-22 21:12:22.820775,0.9,0.5,0.6,0.5,0.0,6.0,0.8,4.0,E:\GraAcademic\age_contact_and_no_age_seaiq_1107\data\output_source\no_age-structured_output_source\all_states_numbers_no_age_p=0.90_l=0.00_k=0.80.csv
2022-11-22 21:12:22.852773,0.9,0.5,0.6,0.5,0.0,6.0,0.9,4.0,E:\GraAcademic\age_contact_and_no_age_seaiq_1107\data\output_source\no_age-structured_output_source\all_states_numbers_no_age_p=0.90_l=0.00_k=0.90.csv
2022-11-22 21:12:22.881774,0.9,0.5,0.6,0.5,0.0,6.0,1.0,4.0,E:\GraAcademic\age_contact_and_no_age_seaiq_1107\data\output_source\no_age-structured_output_source\all_states_numbers_no_age_p=0.90_l=0.00_k=1.00.csv
2022-11-22 21:12:22.909294,0.9,0.5,0.6,0.5,0.1,6.0,0.0,4.0,E:\GraAcademic\age_contact_and_no_age_seaiq_1107\data\output_source\no_age-structured_output_source\all_states_numbers_no_age_p=0.90_l=0.10_k=0.00.csv
2022-11-22 21:12:22.938292,0.9,0.5,0.6,0.5,0.1,6.0,0.1,4.0,E:\GraAcademic\age_contact_and_no_age_seaiq_1107\data\output_source\no_age-structured_output_source\all_states_numbers_no_age_p=0.90_l=0.10_k=0.10.csv
2022-11-22 21:12:22.971292,0.9,0.5,0.6,0.5,0.1,6.0,0.2,4.0,E:\GraAcademic\age_contact_and_no_age_seaiq_1107\data\output_source\no_age-structured_output_source\all_states_numbers_no_age_p=0.90_l=0.10_k=0.20.csv
2022-11-22 21:12:23.016813,0.9,0.5,0.6,0.5,0.1,6.0,0.3,4.0,E:\GraAcademic\age_contact_and_no_age_seaiq_1107\data\output_source\no_age-structured_output_source\all_states_numbers_no_age_p=0.90_l=0.10_k=0.30.csv
2022-11-22 21:12:23.045812,0.9,0.5,0.6,0.5,0.1,6.0,0.4,4.0,E:\GraAcademic\age_contact_and_no_age_seaiq_1107\data\output_source\no_age-structured_output_source\all_states_numbers_no_age_p=0.90_l=0.10_k=0.40.csv
2022-11-22 21:12:23.077814,0.9,0.5,0.6,0.5,0.1,6.0,0.5,4.0,E:\GraAcademic\age_contact_and_no_age_seaiq_1107\data\output_source\no_age-structured_output_source\all_states_numbers_no_age_p=0.90_l=0.10_k=0.50.csv
2022-11-22 21:12:23.106326,0.9,0.5,0.6,0.5,0.1,6.0,0.6,4.0,E:\GraAcademic\age_contact_and_no_age_seaiq_1107\data\output_source\no_age-structured_output_source\all_states_numbers_no_age_p=0.90_l=0.10_k=0.60.csv
2022-11-22 21:12:23.134326,0.9,0.5,0.6,0.5,0.1,6.0,0.7,4.0,E:\GraAcademic\age_contact_and_no_age_seaiq_1107\data\output_source\no_age-structured_output_source\all_states_numbers_no_age_p=0.90_l=0.10_k=0.70.csv
2022-11-22 21:12:23.161325,0.9,0.5,0.6,0.5,0.1,6.0,0.8,4.0,E:\GraAcademic\age_contact_and_no_age_seaiq_1107\data\output_source\no_age-structured_output_source\all_states_numbers_no_age_p=0.90_l=0.10_k=0.80.csv
2022-11-22 21:12:23.189329,0.9,0.5,0.6,0.5,0.1,6.0,0.9,4.0,E:\GraAcademic\age_contact_and_no_age_seaiq_1107\data\output_source\no_age-structured_output_source\all_states_numbers_no_age_p=0.90_l=0.10_k=0.90.csv
2022-11-22 21:12:23.218836,0.9,0.5,0.6,0.5,0.1,6.0,1.0,4.0,E:\GraAcademic\age_contact_and_no_age_seaiq_1107\data\output_source\no_age-structured_output_source\all_states_numbers_no_age_p=0.90_l=0.10_k=1.00.csv
2022-11-22 21:12:23.248839,0.9,0.5,0.6,0.5,0.2,6.0,0.0,4.0,E:\GraAcademic\age_contact_and_no_age_seaiq_1107\data\output_source\no_age-structured_output_source\all_states_numbers_no_age_p=0.90_l=0.20_k=0.00.csv
2022-11-22 21:12:23.277838,0.9,0.5,0.6,0.5,0.2,6.0,0.1,4.0,E:\GraAcademic\age_contact_and_no_age_seaiq_1107\data\output_source\no_age-structured_output_source\all_states_numbers_no_age_p=0.90_l=0.20_k=0.10.csv
2022-11-22 21:12:23.307960,0.9,0.5,0.6,0.5,0.2,6.0,0.2,4.0,E:\GraAcademic\age_contact_and_no_age_seaiq_1107\data\output_source\no_age-structured_output_source\all_states_numbers_no_age_p=0.90_l=0.20_k=0.20.csv
2022-11-22 21:12:23.336960,0.9,0.5,0.6,0.5,0.2,6.0,0.3,4.0,E:\GraAcademic\age_contact_and_no_age_seaiq_1107\data\output_source\no_age-structured_output_source\all_states_numbers_no_age_p=0.90_l=0.20_k=0.30.csv
2022-11-22 21:12:23.373962,0.9,0.5,0.6,0.5,0.2,6.0,0.4,4.0,E:\GraAcademic\age_contact_and_no_age_seaiq_1107\data\output_source\no_age-structured_output_source\all_states_numbers_no_age_p=0.90_l=0.20_k=0.40.csv
2022-11-22 21:12:23.423480,0.9,0.5,0.6,0.5,0.2,6.0,0.5,4.0,E:\GraAcademic\age_contact_and_no_age_seaiq_1107\data\output_source\no_age-structured_output_source\all_states_numbers_no_age_p=0.90_l=0.20_k=0.50.csv
2022-11-22 21:12:23.467485,0.9,0.5,0.6,0.5,0.2,6.0,0.6,4.0,E:\GraAcademic\age_contact_and_no_age_seaiq_1107\data\output_source\no_age-structured_output_source\all_states_numbers_no_age_p=0.90_l=0.20_k=0.60.csv
2022-11-22 21:12:23.500486,0.9,0.5,0.6,0.5,0.2,6.0,0.7,4.0,E:\GraAcademic\age_contact_and_no_age_seaiq_1107\data\output_source\no_age-structured_output_source\all_states_numbers_no_age_p=0.90_l=0.20_k=0.70.csv
2022-11-22 21:12:23.534009,0.9,0.5,0.6,0.5,0.2,6.0,0.8,4.0,E:\GraAcademic\age_contact_and_no_age_seaiq_1107\data\output_source\no_age-structured_output_source\all_states_numbers_no_age_p=0.90_l=0.20_k=0.80.csv
2022-11-22 21:12:23.567009,0.9,0.5,0.6,0.5,0.2,6.0,0.9,4.0,E:\GraAcademic\age_contact_and_no_age_seaiq_1107\data\output_source\no_age-structured_output_source\all_states_numbers_no_age_p=0.90_l=0.20_k=0.90.csv
2022-11-22 21:12:23.598014,0.9,0.5,0.6,0.5,0.2,6.0,1.0,4.0,E:\GraAcademic\age_contact_and_no_age_seaiq_1107\data\output_source\no_age-structured_output_source\all_states_numbers_no_age_p=0.90_l=0.20_k=1.00.csv
2022-11-22 21:12:23.625524,0.9,0.5,0.6,0.5,0.3,6.0,0.0,4.0,E:\GraAcademic\age_contact_and_no_age_seaiq_1107\data\output_source\no_age-structured_output_source\all_states_numbers_no_age_p=0.90_l=0.30_k=0.00.csv
2022-11-22 21:12:23.666530,0.9,0.5,0.6,0.5,0.3,6.0,0.1,4.0,E:\GraAcademic\age_contact_and_no_age_seaiq_1107\data\output_source\no_age-structured_output_source\all_states_numbers_no_age_p=0.90_l=0.30_k=0.10.csv
2022-11-22 21:12:23.811579,0.9,0.5,0.6,0.5,0.3,6.0,0.2,4.0,E:\GraAcademic\age_contact_and_no_age_seaiq_1107\data\output_source\no_age-structured_output_source\all_states_numbers_no_age_p=0.90_l=0.30_k=0.20.csv
2022-11-22 21:12:24.119164,0.9,0.5,0.6,0.5,0.3,6.0,0.3,4.0,E:\GraAcademic\age_contact_and_no_age_seaiq_1107\data\output_source\no_age-structured_output_source\all_states_numbers_no_age_p=0.90_l=0.30_k=0.30.csv
2022-11-22 21:12:24.174165,0.9,0.5,0.6,0.5,0.3,6.0,0.4,4.0,E:\GraAcademic\age_contact_and_no_age_seaiq_1107\data\output_source\no_age-structured_output_source\all_states_numbers_no_age_p=0.90_l=0.30_k=0.40.csv
2022-11-22 21:12:24.221687,0.9,0.5,0.6,0.5,0.3,6.0,0.5,4.0,E:\GraAcademic\age_contact_and_no_age_seaiq_1107\data\output_source\no_age-structured_output_source\all_states_numbers_no_age_p=0.90_l=0.30_k=0.50.csv
2022-11-22 21:12:24.264688,0.9,0.5,0.6,0.5,0.3,6.0,0.6,4.0,E:\GraAcademic\age_contact_and_no_age_seaiq_1107\data\output_source\no_age-structured_output_source\all_states_numbers_no_age_p=0.90_l=0.30_k=0.60.csv
2022-11-22 21:12:24.313214,0.9,0.5,0.6,0.5,0.3,6.0,0.7,4.0,E:\GraAcademic\age_contact_and_no_age_seaiq_1107\data\output_source\no_age-structured_output_source\all_states_numbers_no_age_p=0.90_l=0.30_k=0.70.csv
2022-11-22 21:12:24.359211,0.9,0.5,0.6,0.5,0.3,6.0,0.8,4.0,E:\GraAcademic\age_contact_and_no_age_seaiq_1107\data\output_source\no_age-structured_output_source\all_states_numbers_no_age_p=0.90_l=0.30_k=0.80.csv
2022-11-22 21:12:24.389209,0.9,0.5,0.6,0.5,0.3,6.0,0.9,4.0,E:\GraAcademic\age_contact_and_no_age_seaiq_1107\data\output_source\no_age-structured_output_source\all_states_numbers_no_age_p=0.90_l=0.30_k=0.90.csv
2022-11-22 21:12:24.432727,0.9,0.5,0.6,0.5,0.3,6.0,1.0,4.0,E:\GraAcademic\age_contact_and_no_age_seaiq_1107\data\output_source\no_age-structured_output_source\all_states_numbers_no_age_p=0.90_l=0.30_k=1.00.csv
2022-11-22 21:12:24.470733,0.9,0.5,0.6,0.5,0.4,6.0,0.0,4.0,E:\GraAcademic\age_contact_and_no_age_seaiq_1107\data\output_source\no_age-structured_output_source\all_states_numbers_no_age_p=0.90_l=0.40_k=0.00.csv
2022-11-22 21:12:24.509252,0.9,0.5,0.6,0.5,0.4,6.0,0.1,4.0,E:\GraAcademic\age_contact_and_no_age_seaiq_1107\data\output_source\no_age-structured_output_source\all_states_numbers_no_age_p=0.90_l=0.40_k=0.10.csv
2022-11-22 21:12:24.543253,0.9,0.5,0.6,0.5,0.4,6.0,0.2,4.0,E:\GraAcademic\age_contact_and_no_age_seaiq_1107\data\output_source\no_age-structured_output_source\all_states_numbers_no_age_p=0.90_l=0.40_k=0.20.csv
2022-11-22 21:12:24.580254,0.9,0.5,0.6,0.5,0.4,6.0,0.3,4.0,E:\GraAcademic\age_contact_and_no_age_seaiq_1107\data\output_source\no_age-structured_output_source\all_states_numbers_no_age_p=0.90_l=0.40_k=0.30.csv
2022-11-22 21:12:24.609767,0.9,0.5,0.6,0.5,0.4,6.0,0.4,4.0,E:\GraAcademic\age_contact_and_no_age_seaiq_1107\data\output_source\no_age-structured_output_source\all_states_numbers_no_age_p=0.90_l=0.40_k=0.40.csv
2022-11-22 21:12:24.653766,0.9,0.5,0.6,0.5,0.4,6.0,0.5,4.0,E:\GraAcademic\age_contact_and_no_age_seaiq_1107\data\output_source\no_age-structured_output_source\all_states_numbers_no_age_p=0.90_l=0.40_k=0.50.csv
2022-11-22 21:12:24.684769,0.9,0.5,0.6,0.5,0.4,6.0,0.6,4.0,E:\GraAcademic\age_contact_and_no_age_seaiq_1107\data\output_source\no_age-structured_output_source\all_states_numbers_no_age_p=0.90_l=0.40_k=0.60.csv
2022-11-22 21:12:24.715288,0.9,0.5,0.6,0.5,0.4,6.0,0.7,4.0,E:\GraAcademic\age_contact_and_no_age_seaiq_1107\data\output_source\no_age-structured_output_source\all_states_numbers_no_age_p=0.90_l=0.40_k=0.70.csv
2022-11-22 21:12:24.751288,0.9,0.5,0.6,0.5,0.4,6.0,0.8,4.0,E:\GraAcademic\age_contact_and_no_age_seaiq_1107\data\output_source\no_age-structured_output_source\all_states_numbers_no_age_p=0.90_l=0.40_k=0.80.csv
2022-11-22 21:12:24.799299,0.9,0.5,0.6,0.5,0.4,6.0,0.9,4.0,E:\GraAcademic\age_contact_and_no_age_seaiq_1107\data\output_source\no_age-structured_output_source\all_states_numbers_no_age_p=0.90_l=0.40_k=0.90.csv
2022-11-22 21:12:24.833813,0.9,0.5,0.6,0.5,0.4,6.0,1.0,4.0,E:\GraAcademic\age_contact_and_no_age_seaiq_1107\data\output_source\no_age-structured_output_source\all_states_numbers_no_age_p=0.90_l=0.40_k=1.00.csv
2022-11-22 21:12:24.867813,0.9,0.5,0.6,0.5,0.5,6.0,0.0,4.0,E:\GraAcademic\age_contact_and_no_age_seaiq_1107\data\output_source\no_age-structured_output_source\all_states_numbers_no_age_p=0.90_l=0.50_k=0.00.csv
2022-11-22 21:12:24.897819,0.9,0.5,0.6,0.5,0.5,6.0,0.1,4.0,E:\GraAcademic\age_contact_and_no_age_seaiq_1107\data\output_source\no_age-structured_output_source\all_states_numbers_no_age_p=0.90_l=0.50_k=0.10.csv
2022-11-22 21:12:24.930326,0.9,0.5,0.6,0.5,0.5,6.0,0.2,4.0,E:\GraAcademic\age_contact_and_no_age_seaiq_1107\data\output_source\no_age-structured_output_source\all_states_numbers_no_age_p=0.90_l=0.50_k=0.20.csv
2022-11-22 21:12:24.969328,0.9,0.5,0.6,0.5,0.5,6.0,0.3,4.0,E:\GraAcademic\age_contact_and_no_age_seaiq_1107\data\output_source\no_age-structured_output_source\all_states_numbers_no_age_p=0.90_l=0.50_k=0.30.csv
2022-11-22 21:12:25.000330,0.9,0.5,0.6,0.5,0.5,6.0,0.4,4.0,E:\GraAcademic\age_contact_and_no_age_seaiq_1107\data\output_source\no_age-structured_output_source\all_states_numbers_no_age_p=0.90_l=0.50_k=0.40.csv
2022-11-22 21:12:25.037840,0.9,0.5,0.6,0.5,0.5,6.0,0.5,4.0,E:\GraAcademic\age_contact_and_no_age_seaiq_1107\data\output_source\no_age-structured_output_source\all_states_numbers_no_age_p=0.90_l=0.50_k=0.50.csv
2022-11-22 21:12:25.065842,0.9,0.5,0.6,0.5,0.5,6.0,0.6,4.0,E:\GraAcademic\age_contact_and_no_age_seaiq_1107\data\output_source\no_age-structured_output_source\all_states_numbers_no_age_p=0.90_l=0.50_k=0.60.csv
2022-11-22 21:12:25.098847,0.9,0.5,0.6,0.5,0.5,6.0,0.7,4.0,E:\GraAcademic\age_contact_and_no_age_seaiq_1107\data\output_source\no_age-structured_output_source\all_states_numbers_no_age_p=0.90_l=0.50_k=0.70.csv
2022-11-22 21:12:25.126358,0.9,0.5,0.6,0.5,0.5,6.0,0.8,4.0,E:\GraAcademic\age_contact_and_no_age_seaiq_1107\data\output_source\no_age-structured_output_source\all_states_numbers_no_age_p=0.90_l=0.50_k=0.80.csv
2022-11-22 21:12:25.158358,0.9,0.5,0.6,0.5,0.5,6.0,0.9,4.0,E:\GraAcademic\age_contact_and_no_age_seaiq_1107\data\output_source\no_age-structured_output_source\all_states_numbers_no_age_p=0.90_l=0.50_k=0.90.csv
2022-11-22 21:12:25.188354,0.9,0.5,0.6,0.5,0.5,6.0,1.0,4.0,E:\GraAcademic\age_contact_and_no_age_seaiq_1107\data\output_source\no_age-structured_output_source\all_states_numbers_no_age_p=0.90_l=0.50_k=1.00.csv
2022-11-22 21:12:25.224868,0.9,0.5,0.6,0.5,0.6,6.0,0.0,4.0,E:\GraAcademic\age_contact_and_no_age_seaiq_1107\data\output_source\no_age-structured_output_source\all_states_numbers_no_age_p=0.90_l=0.60_k=0.00.csv
2022-11-22 21:12:25.253869,0.9,0.5,0.6,0.5,0.6,6.0,0.1,4.0,E:\GraAcademic\age_contact_and_no_age_seaiq_1107\data\output_source\no_age-structured_output_source\all_states_numbers_no_age_p=0.90_l=0.60_k=0.10.csv
2022-11-22 21:12:25.281872,0.9,0.5,0.6,0.5,0.6,6.0,0.2,4.0,E:\GraAcademic\age_contact_and_no_age_seaiq_1107\data\output_source\no_age-structured_output_source\all_states_numbers_no_age_p=0.90_l=0.60_k=0.20.csv
2022-11-22 21:12:25.323386,0.9,0.5,0.6,0.5,0.6,6.0,0.3,4.0,E:\GraAcademic\age_contact_and_no_age_seaiq_1107\data\output_source\no_age-structured_output_source\all_states_numbers_no_age_p=0.90_l=0.60_k=0.30.csv
2022-11-22 21:12:25.351388,0.9,0.5,0.6,0.5,0.6,6.0,0.4,4.0,E:\GraAcademic\age_contact_and_no_age_seaiq_1107\data\output_source\no_age-structured_output_source\all_states_numbers_no_age_p=0.90_l=0.60_k=0.40.csv
2022-11-22 21:12:25.388385,0.9,0.5,0.6,0.5,0.6,6.0,0.5,4.0,E:\GraAcademic\age_contact_and_no_age_seaiq_1107\data\output_source\no_age-structured_output_source\all_states_numbers_no_age_p=0.90_l=0.60_k=0.50.csv
2022-11-22 21:12:25.417905,0.9,0.5,0.6,0.5,0.6,6.0,0.6,4.0,E:\GraAcademic\age_contact_and_no_age_seaiq_1107\data\output_source\no_age-structured_output_source\all_states_numbers_no_age_p=0.90_l=0.60_k=0.60.csv
2022-11-22 21:12:25.447904,0.9,0.5,0.6,0.5,0.6,6.0,0.7,4.0,E:\GraAcademic\age_contact_and_no_age_seaiq_1107\data\output_source\no_age-structured_output_source\all_states_numbers_no_age_p=0.90_l=0.60_k=0.70.csv
2022-11-22 21:12:25.475903,0.9,0.5,0.6,0.5,0.6,6.0,0.8,4.0,E:\GraAcademic\age_contact_and_no_age_seaiq_1107\data\output_source\no_age-structured_output_source\all_states_numbers_no_age_p=0.90_l=0.60_k=0.80.csv
2022-11-22 21:12:25.506427,0.9,0.5,0.6,0.5,0.6,6.0,0.9,4.0,E:\GraAcademic\age_contact_and_no_age_seaiq_1107\data\output_source\no_age-structured_output_source\all_states_numbers_no_age_p=0.90_l=0.60_k=0.90.csv
2022-11-22 21:12:25.537431,0.9,0.5,0.6,0.5,0.6,6.0,1.0,4.0,E:\GraAcademic\age_contact_and_no_age_seaiq_1107\data\output_source\no_age-structured_output_source\all_states_numbers_no_age_p=0.90_l=0.60_k=1.00.csv
2022-11-22 21:12:25.567427,0.9,0.5,0.6,0.5,0.7,6.0,0.0,4.0,E:\GraAcademic\age_contact_and_no_age_seaiq_1107\data\output_source\no_age-structured_output_source\all_states_numbers_no_age_p=0.90_l=0.70_k=0.00.csv
2022-11-22 21:12:25.595435,0.9,0.5,0.6,0.5,0.7,6.0,0.1,4.0,E:\GraAcademic\age_contact_and_no_age_seaiq_1107\data\output_source\no_age-structured_output_source\all_states_numbers_no_age_p=0.90_l=0.70_k=0.10.csv
2022-11-22 21:12:25.622950,0.9,0.5,0.6,0.5,0.7,6.0,0.2,4.0,E:\GraAcademic\age_contact_and_no_age_seaiq_1107\data\output_source\no_age-structured_output_source\all_states_numbers_no_age_p=0.90_l=0.70_k=0.20.csv
2022-11-22 21:12:25.649948,0.9,0.5,0.6,0.5,0.7,6.0,0.3,4.0,E:\GraAcademic\age_contact_and_no_age_seaiq_1107\data\output_source\no_age-structured_output_source\all_states_numbers_no_age_p=0.90_l=0.70_k=0.30.csv
2022-11-22 21:12:25.691953,0.9,0.5,0.6,0.5,0.7,6.0,0.4,4.0,E:\GraAcademic\age_contact_and_no_age_seaiq_1107\data\output_source\no_age-structured_output_source\all_states_numbers_no_age_p=0.90_l=0.70_k=0.40.csv
2022-11-22 21:12:25.727462,0.9,0.5,0.6,0.5,0.7,6.0,0.5,4.0,E:\GraAcademic\age_contact_and_no_age_seaiq_1107\data\output_source\no_age-structured_output_source\all_states_numbers_no_age_p=0.90_l=0.70_k=0.50.csv
2022-11-22 21:12:25.757462,0.9,0.5,0.6,0.5,0.7,6.0,0.6,4.0,E:\GraAcademic\age_contact_and_no_age_seaiq_1107\data\output_source\no_age-structured_output_source\all_states_numbers_no_age_p=0.90_l=0.70_k=0.60.csv
2022-11-22 21:12:25.787463,0.9,0.5,0.6,0.5,0.7,6.0,0.7,4.0,E:\GraAcademic\age_contact_and_no_age_seaiq_1107\data\output_source\no_age-structured_output_source\all_states_numbers_no_age_p=0.90_l=0.70_k=0.70.csv
2022-11-22 21:12:25.820976,0.9,0.5,0.6,0.5,0.7,6.0,0.8,4.0,E:\GraAcademic\age_contact_and_no_age_seaiq_1107\data\output_source\no_age-structured_output_source\all_states_numbers_no_age_p=0.90_l=0.70_k=0.80.csv
2022-11-22 21:12:25.864975,0.9,0.5,0.6,0.5,0.7,6.0,0.9,4.0,E:\GraAcademic\age_contact_and_no_age_seaiq_1107\data\output_source\no_age-structured_output_source\all_states_numbers_no_age_p=0.90_l=0.70_k=0.90.csv
2022-11-22 21:12:25.905527,0.9,0.5,0.6,0.5,0.7,6.0,1.0,4.0,E:\GraAcademic\age_contact_and_no_age_seaiq_1107\data\output_source\no_age-structured_output_source\all_states_numbers_no_age_p=0.90_l=0.70_k=1.00.csv
2022-11-22 21:12:25.941528,0.9,0.5,0.6,0.5,0.8,6.0,0.0,4.0,E:\GraAcademic\age_contact_and_no_age_seaiq_1107\data\output_source\no_age-structured_output_source\all_states_numbers_no_age_p=0.90_l=0.80_k=0.00.csv
2022-11-22 21:12:25.972496,0.9,0.5,0.6,0.5,0.8,6.0,0.1,4.0,E:\GraAcademic\age_contact_and_no_age_seaiq_1107\data\output_source\no_age-structured_output_source\all_states_numbers_no_age_p=0.90_l=0.80_k=0.10.csv
2022-11-22 21:12:26.002537,0.9,0.5,0.6,0.5,0.8,6.0,0.2,4.0,E:\GraAcademic\age_contact_and_no_age_seaiq_1107\data\output_source\no_age-structured_output_source\all_states_numbers_no_age_p=0.90_l=0.80_k=0.20.csv
2022-11-22 21:12:26.031053,0.9,0.5,0.6,0.5,0.8,6.0,0.3,4.0,E:\GraAcademic\age_contact_and_no_age_seaiq_1107\data\output_source\no_age-structured_output_source\all_states_numbers_no_age_p=0.90_l=0.80_k=0.30.csv
2022-11-22 21:12:26.072052,0.9,0.5,0.6,0.5,0.8,6.0,0.4,4.0,E:\GraAcademic\age_contact_and_no_age_seaiq_1107\data\output_source\no_age-structured_output_source\all_states_numbers_no_age_p=0.90_l=0.80_k=0.40.csv
2022-11-22 21:12:26.100097,0.9,0.5,0.6,0.5,0.8,6.0,0.5,4.0,E:\GraAcademic\age_contact_and_no_age_seaiq_1107\data\output_source\no_age-structured_output_source\all_states_numbers_no_age_p=0.90_l=0.80_k=0.50.csv
2022-11-22 21:12:26.128604,0.9,0.5,0.6,0.5,0.8,6.0,0.6,4.0,E:\GraAcademic\age_contact_and_no_age_seaiq_1107\data\output_source\no_age-structured_output_source\all_states_numbers_no_age_p=0.90_l=0.80_k=0.60.csv
2022-11-22 21:12:26.159657,0.9,0.5,0.6,0.5,0.8,6.0,0.7,4.0,E:\GraAcademic\age_contact_and_no_age_seaiq_1107\data\output_source\no_age-structured_output_source\all_states_numbers_no_age_p=0.90_l=0.80_k=0.70.csv
2022-11-22 21:12:26.197560,0.9,0.5,0.6,0.5,0.8,6.0,0.8,4.0,E:\GraAcademic\age_contact_and_no_age_seaiq_1107\data\output_source\no_age-structured_output_source\all_states_numbers_no_age_p=0.90_l=0.80_k=0.80.csv
2022-11-22 21:12:26.227126,0.9,0.5,0.6,0.5,0.8,6.0,0.9,4.0,E:\GraAcademic\age_contact_and_no_age_seaiq_1107\data\output_source\no_age-structured_output_source\all_states_numbers_no_age_p=0.90_l=0.80_k=0.90.csv
2022-11-22 21:12:26.257491,0.9,0.5,0.6,0.5,0.8,6.0,1.0,4.0,E:\GraAcademic\age_contact_and_no_age_seaiq_1107\data\output_source\no_age-structured_output_source\all_states_numbers_no_age_p=0.90_l=0.80_k=1.00.csv
2022-11-22 21:12:26.285451,0.9,0.5,0.6,0.5,0.9,6.0,0.0,4.0,E:\GraAcademic\age_contact_and_no_age_seaiq_1107\data\output_source\no_age-structured_output_source\all_states_numbers_no_age_p=0.90_l=0.90_k=0.00.csv
2022-11-22 21:12:26.313047,0.9,0.5,0.6,0.5,0.9,6.0,0.1,4.0,E:\GraAcademic\age_contact_and_no_age_seaiq_1107\data\output_source\no_age-structured_output_source\all_states_numbers_no_age_p=0.90_l=0.90_k=0.10.csv
2022-11-22 21:12:26.341081,0.9,0.5,0.6,0.5,0.9,6.0,0.2,4.0,E:\GraAcademic\age_contact_and_no_age_seaiq_1107\data\output_source\no_age-structured_output_source\all_states_numbers_no_age_p=0.90_l=0.90_k=0.20.csv
2022-11-22 21:12:26.368024,0.9,0.5,0.6,0.5,0.9,6.0,0.3,4.0,E:\GraAcademic\age_contact_and_no_age_seaiq_1107\data\output_source\no_age-structured_output_source\all_states_numbers_no_age_p=0.90_l=0.90_k=0.30.csv
2022-11-22 21:12:26.396058,0.9,0.5,0.6,0.5,0.9,6.0,0.4,4.0,E:\GraAcademic\age_contact_and_no_age_seaiq_1107\data\output_source\no_age-structured_output_source\all_states_numbers_no_age_p=0.90_l=0.90_k=0.40.csv
2022-11-22 21:12:26.428692,0.9,0.5,0.6,0.5,0.9,6.0,0.5,4.0,E:\GraAcademic\age_contact_and_no_age_seaiq_1107\data\output_source\no_age-structured_output_source\all_states_numbers_no_age_p=0.90_l=0.90_k=0.50.csv
2022-11-22 21:12:26.456694,0.9,0.5,0.6,0.5,0.9,6.0,0.6,4.0,E:\GraAcademic\age_contact_and_no_age_seaiq_1107\data\output_source\no_age-structured_output_source\all_states_numbers_no_age_p=0.90_l=0.90_k=0.60.csv
2022-11-22 21:12:26.483462,0.9,0.5,0.6,0.5,0.9,6.0,0.7,4.0,E:\GraAcademic\age_contact_and_no_age_seaiq_1107\data\output_source\no_age-structured_output_source\all_states_numbers_no_age_p=0.90_l=0.90_k=0.70.csv
2022-11-22 21:12:26.512133,0.9,0.5,0.6,0.5,0.9,6.0,0.8,4.0,E:\GraAcademic\age_contact_and_no_age_seaiq_1107\data\output_source\no_age-structured_output_source\all_states_numbers_no_age_p=0.90_l=0.90_k=0.80.csv
2022-11-22 21:12:26.545146,0.9,0.5,0.6,0.5,0.9,6.0,0.9,4.0,E:\GraAcademic\age_contact_and_no_age_seaiq_1107\data\output_source\no_age-structured_output_source\all_states_numbers_no_age_p=0.90_l=0.90_k=0.90.csv
2022-11-22 21:12:26.574095,0.9,0.5,0.6,0.5,0.9,6.0,1.0,4.0,E:\GraAcademic\age_contact_and_no_age_seaiq_1107\data\output_source\no_age-structured_output_source\all_states_numbers_no_age_p=0.90_l=0.90_k=1.00.csv
2022-11-22 21:12:26.602052,0.9,0.5,0.6,0.5,1.0,6.0,0.0,4.0,E:\GraAcademic\age_contact_and_no_age_seaiq_1107\data\output_source\no_age-structured_output_source\all_states_numbers_no_age_p=0.90_l=1.00_k=0.00.csv
2022-11-22 21:12:26.630606,0.9,0.5,0.6,0.5,1.0,6.0,0.1,4.0,E:\GraAcademic\age_contact_and_no_age_seaiq_1107\data\output_source\no_age-structured_output_source\all_states_numbers_no_age_p=0.90_l=1.00_k=0.10.csv
2022-11-22 21:12:26.658572,0.9,0.5,0.6,0.5,1.0,6.0,0.2,4.0,E:\GraAcademic\age_contact_and_no_age_seaiq_1107\data\output_source\no_age-structured_output_source\all_states_numbers_no_age_p=0.90_l=1.00_k=0.20.csv
2022-11-22 21:12:26.685607,0.9,0.5,0.6,0.5,1.0,6.0,0.3,4.0,E:\GraAcademic\age_contact_and_no_age_seaiq_1107\data\output_source\no_age-structured_output_source\all_states_numbers_no_age_p=0.90_l=1.00_k=0.30.csv
2022-11-22 21:12:26.713236,0.9,0.5,0.6,0.5,1.0,6.0,0.4,4.0,E:\GraAcademic\age_contact_and_no_age_seaiq_1107\data\output_source\no_age-structured_output_source\all_states_numbers_no_age_p=0.90_l=1.00_k=0.40.csv
2022-11-22 21:12:26.745210,0.9,0.5,0.6,0.5,1.0,6.0,0.5,4.0,E:\GraAcademic\age_contact_and_no_age_seaiq_1107\data\output_source\no_age-structured_output_source\all_states_numbers_no_age_p=0.90_l=1.00_k=0.50.csv
2022-11-22 21:12:26.772248,0.9,0.5,0.6,0.5,1.0,6.0,0.6,4.0,E:\GraAcademic\age_contact_and_no_age_seaiq_1107\data\output_source\no_age-structured_output_source\all_states_numbers_no_age_p=0.90_l=1.00_k=0.60.csv
2022-11-22 21:12:26.800206,0.9,0.5,0.6,0.5,1.0,6.0,0.7,4.0,E:\GraAcademic\age_contact_and_no_age_seaiq_1107\data\output_source\no_age-structured_output_source\all_states_numbers_no_age_p=0.90_l=1.00_k=0.70.csv
2022-11-22 21:12:26.827794,0.9,0.5,0.6,0.5,1.0,6.0,0.8,4.0,E:\GraAcademic\age_contact_and_no_age_seaiq_1107\data\output_source\no_age-structured_output_source\all_states_numbers_no_age_p=0.90_l=1.00_k=0.80.csv
2022-11-22 21:12:26.858863,0.9,0.5,0.6,0.5,1.0,6.0,0.9,4.0,E:\GraAcademic\age_contact_and_no_age_seaiq_1107\data\output_source\no_age-structured_output_source\all_states_numbers_no_age_p=0.90_l=1.00_k=0.90.csv
2022-11-22 21:12:26.886900,0.9,0.5,0.6,0.5,1.0,6.0,1.0,4.0,E:\GraAcademic\age_contact_and_no_age_seaiq_1107\data\output_source\no_age-structured_output_source\all_states_numbers_no_age_p=0.90_l=1.00_k=1.00.csv
2022-11-22 21:12:31.317700,0.5,0.5,0.6,0.5,0.0,6.0,0.0,4.0,E:\GraAcademic\age_contact_and_no_age_seaiq_1107\data\output_source\no_age-structured_output_source\all_states_numbers_no_age_p=0.50_l=0.00_k=0.00.csv
2022-11-22 21:12:31.364701,0.5,0.5,0.6,0.5,0.0,6.0,0.1,4.0,E:\GraAcademic\age_contact_and_no_age_seaiq_1107\data\output_source\no_age-structured_output_source\all_states_numbers_no_age_p=0.50_l=0.00_k=0.10.csv
2022-11-22 21:12:31.406712,0.5,0.5,0.6,0.5,0.0,6.0,0.2,4.0,E:\GraAcademic\age_contact_and_no_age_seaiq_1107\data\output_source\no_age-structured_output_source\all_states_numbers_no_age_p=0.50_l=0.00_k=0.20.csv
2022-11-22 21:12:31.467225,0.5,0.5,0.6,0.5,0.0,6.0,0.3,4.0,E:\GraAcademic\age_contact_and_no_age_seaiq_1107\data\output_source\no_age-structured_output_source\all_states_numbers_no_age_p=0.50_l=0.00_k=0.30.csv
2022-11-22 21:12:31.526757,0.5,0.5,0.6,0.5,0.0,6.0,0.4,4.0,E:\GraAcademic\age_contact_and_no_age_seaiq_1107\data\output_source\no_age-structured_output_source\all_states_numbers_no_age_p=0.50_l=0.00_k=0.40.csv
2022-11-22 21:12:31.580756,0.5,0.5,0.6,0.5,0.0,6.0,0.5,4.0,E:\GraAcademic\age_contact_and_no_age_seaiq_1107\data\output_source\no_age-structured_output_source\all_states_numbers_no_age_p=0.50_l=0.00_k=0.50.csv
2022-11-22 21:12:31.634288,0.5,0.5,0.6,0.5,0.0,6.0,0.6,4.0,E:\GraAcademic\age_contact_and_no_age_seaiq_1107\data\output_source\no_age-structured_output_source\all_states_numbers_no_age_p=0.50_l=0.00_k=0.60.csv
2022-11-22 21:12:31.682290,0.5,0.5,0.6,0.5,0.0,6.0,0.7,4.0,E:\GraAcademic\age_contact_and_no_age_seaiq_1107\data\output_source\no_age-structured_output_source\all_states_numbers_no_age_p=0.50_l=0.00_k=0.70.csv
2022-11-22 21:12:31.730816,0.5,0.5,0.6,0.5,0.0,6.0,0.8,4.0,E:\GraAcademic\age_contact_and_no_age_seaiq_1107\data\output_source\no_age-structured_output_source\all_states_numbers_no_age_p=0.50_l=0.00_k=0.80.csv
2022-11-22 21:12:31.766811,0.5,0.5,0.6,0.5,0.0,6.0,0.9,4.0,E:\GraAcademic\age_contact_and_no_age_seaiq_1107\data\output_source\no_age-structured_output_source\all_states_numbers_no_age_p=0.50_l=0.00_k=0.90.csv
2022-11-22 21:12:31.804821,0.5,0.5,0.6,0.5,0.0,6.0,1.0,4.0,E:\GraAcademic\age_contact_and_no_age_seaiq_1107\data\output_source\no_age-structured_output_source\all_states_numbers_no_age_p=0.50_l=0.00_k=1.00.csv
2022-11-22 21:12:31.844346,0.5,0.5,0.6,0.5,0.1,6.0,0.0,4.0,E:\GraAcademic\age_contact_and_no_age_seaiq_1107\data\output_source\no_age-structured_output_source\all_states_numbers_no_age_p=0.50_l=0.10_k=0.00.csv
2022-11-22 21:12:31.889339,0.5,0.5,0.6,0.5,0.1,6.0,0.1,4.0,E:\GraAcademic\age_contact_and_no_age_seaiq_1107\data\output_source\no_age-structured_output_source\all_states_numbers_no_age_p=0.50_l=0.10_k=0.10.csv
2022-11-22 21:12:31.940645,0.5,0.5,0.6,0.5,0.1,6.0,0.2,4.0,E:\GraAcademic\age_contact_and_no_age_seaiq_1107\data\output_source\no_age-structured_output_source\all_states_numbers_no_age_p=0.50_l=0.10_k=0.20.csv
2022-11-22 21:12:31.988647,0.5,0.5,0.6,0.5,0.1,6.0,0.3,4.0,E:\GraAcademic\age_contact_and_no_age_seaiq_1107\data\output_source\no_age-structured_output_source\all_states_numbers_no_age_p=0.50_l=0.10_k=0.30.csv
2022-11-22 21:12:32.020157,0.5,0.5,0.6,0.5,0.1,6.0,0.4,4.0,E:\GraAcademic\age_contact_and_no_age_seaiq_1107\data\output_source\no_age-structured_output_source\all_states_numbers_no_age_p=0.50_l=0.10_k=0.40.csv
2022-11-22 21:12:32.059161,0.5,0.5,0.6,0.5,0.1,6.0,0.5,4.0,E:\GraAcademic\age_contact_and_no_age_seaiq_1107\data\output_source\no_age-structured_output_source\all_states_numbers_no_age_p=0.50_l=0.10_k=0.50.csv
2022-11-22 21:12:32.097252,0.5,0.5,0.6,0.5,0.1,6.0,0.6,4.0,E:\GraAcademic\age_contact_and_no_age_seaiq_1107\data\output_source\no_age-structured_output_source\all_states_numbers_no_age_p=0.50_l=0.10_k=0.60.csv
2022-11-22 21:12:32.143836,0.5,0.5,0.6,0.5,0.1,6.0,0.7,4.0,E:\GraAcademic\age_contact_and_no_age_seaiq_1107\data\output_source\no_age-structured_output_source\all_states_numbers_no_age_p=0.50_l=0.10_k=0.70.csv
2022-11-22 21:12:32.190801,0.5,0.5,0.6,0.5,0.1,6.0,0.8,4.0,E:\GraAcademic\age_contact_and_no_age_seaiq_1107\data\output_source\no_age-structured_output_source\all_states_numbers_no_age_p=0.50_l=0.10_k=0.80.csv
2022-11-22 21:12:32.226467,0.5,0.5,0.6,0.5,0.1,6.0,0.9,4.0,E:\GraAcademic\age_contact_and_no_age_seaiq_1107\data\output_source\no_age-structured_output_source\all_states_numbers_no_age_p=0.50_l=0.10_k=0.90.csv
2022-11-22 21:12:32.261428,0.5,0.5,0.6,0.5,0.1,6.0,1.0,4.0,E:\GraAcademic\age_contact_and_no_age_seaiq_1107\data\output_source\no_age-structured_output_source\all_states_numbers_no_age_p=0.50_l=0.10_k=1.00.csv
2022-11-22 21:12:32.311070,0.5,0.5,0.6,0.5,0.2,6.0,0.0,4.0,E:\GraAcademic\age_contact_and_no_age_seaiq_1107\data\output_source\no_age-structured_output_source\all_states_numbers_no_age_p=0.50_l=0.20_k=0.00.csv
2022-11-22 21:12:32.343023,0.5,0.5,0.6,0.5,0.2,6.0,0.1,4.0,E:\GraAcademic\age_contact_and_no_age_seaiq_1107\data\output_source\no_age-structured_output_source\all_states_numbers_no_age_p=0.50_l=0.20_k=0.10.csv
2022-11-22 21:12:32.370055,0.5,0.5,0.6,0.5,0.2,6.0,0.2,4.0,E:\GraAcademic\age_contact_and_no_age_seaiq_1107\data\output_source\no_age-structured_output_source\all_states_numbers_no_age_p=0.50_l=0.20_k=0.20.csv
2022-11-22 21:12:32.398067,0.5,0.5,0.6,0.5,0.2,6.0,0.3,4.0,E:\GraAcademic\age_contact_and_no_age_seaiq_1107\data\output_source\no_age-structured_output_source\all_states_numbers_no_age_p=0.50_l=0.20_k=0.30.csv
2022-11-22 21:12:32.425658,0.5,0.5,0.6,0.5,0.2,6.0,0.4,4.0,E:\GraAcademic\age_contact_and_no_age_seaiq_1107\data\output_source\no_age-structured_output_source\all_states_numbers_no_age_p=0.50_l=0.20_k=0.40.csv
2022-11-22 21:12:32.464667,0.5,0.5,0.6,0.5,0.2,6.0,0.5,4.0,E:\GraAcademic\age_contact_and_no_age_seaiq_1107\data\output_source\no_age-structured_output_source\all_states_numbers_no_age_p=0.50_l=0.20_k=0.50.csv
2022-11-22 21:12:32.507662,0.5,0.5,0.6,0.5,0.2,6.0,0.6,4.0,E:\GraAcademic\age_contact_and_no_age_seaiq_1107\data\output_source\no_age-structured_output_source\all_states_numbers_no_age_p=0.50_l=0.20_k=0.60.csv
2022-11-22 21:12:32.558185,0.5,0.5,0.6,0.5,0.2,6.0,0.7,4.0,E:\GraAcademic\age_contact_and_no_age_seaiq_1107\data\output_source\no_age-structured_output_source\all_states_numbers_no_age_p=0.50_l=0.20_k=0.70.csv
2022-11-22 21:12:32.585217,0.5,0.5,0.6,0.5,0.2,6.0,0.8,4.0,E:\GraAcademic\age_contact_and_no_age_seaiq_1107\data\output_source\no_age-structured_output_source\all_states_numbers_no_age_p=0.50_l=0.20_k=0.80.csv
2022-11-22 21:12:32.615700,0.5,0.5,0.6,0.5,0.2,6.0,0.9,4.0,E:\GraAcademic\age_contact_and_no_age_seaiq_1107\data\output_source\no_age-structured_output_source\all_states_numbers_no_age_p=0.50_l=0.20_k=0.90.csv
2022-11-22 21:12:32.652699,0.5,0.5,0.6,0.5,0.2,6.0,1.0,4.0,E:\GraAcademic\age_contact_and_no_age_seaiq_1107\data\output_source\no_age-structured_output_source\all_states_numbers_no_age_p=0.50_l=0.20_k=1.00.csv
2022-11-22 21:12:32.699732,0.5,0.5,0.6,0.5,0.3,6.0,0.0,4.0,E:\GraAcademic\age_contact_and_no_age_seaiq_1107\data\output_source\no_age-structured_output_source\all_states_numbers_no_age_p=0.50_l=0.30_k=0.00.csv
2022-11-22 21:12:32.731247,0.5,0.5,0.6,0.5,0.3,6.0,0.1,4.0,E:\GraAcademic\age_contact_and_no_age_seaiq_1107\data\output_source\no_age-structured_output_source\all_states_numbers_no_age_p=0.50_l=0.30_k=0.10.csv
2022-11-22 21:12:32.760245,0.5,0.5,0.6,0.5,0.3,6.0,0.2,4.0,E:\GraAcademic\age_contact_and_no_age_seaiq_1107\data\output_source\no_age-structured_output_source\all_states_numbers_no_age_p=0.50_l=0.30_k=0.20.csv
2022-11-22 21:12:32.790245,0.5,0.5,0.6,0.5,0.3,6.0,0.3,4.0,E:\GraAcademic\age_contact_and_no_age_seaiq_1107\data\output_source\no_age-structured_output_source\all_states_numbers_no_age_p=0.50_l=0.30_k=0.30.csv
2022-11-22 21:12:32.819770,0.5,0.5,0.6,0.5,0.3,6.0,0.4,4.0,E:\GraAcademic\age_contact_and_no_age_seaiq_1107\data\output_source\no_age-structured_output_source\all_states_numbers_no_age_p=0.50_l=0.30_k=0.40.csv
2022-11-22 21:12:32.857771,0.5,0.5,0.6,0.5,0.3,6.0,0.5,4.0,E:\GraAcademic\age_contact_and_no_age_seaiq_1107\data\output_source\no_age-structured_output_source\all_states_numbers_no_age_p=0.50_l=0.30_k=0.50.csv
2022-11-22 21:12:32.909423,0.5,0.5,0.6,0.5,0.3,6.0,0.6,4.0,E:\GraAcademic\age_contact_and_no_age_seaiq_1107\data\output_source\no_age-structured_output_source\all_states_numbers_no_age_p=0.50_l=0.30_k=0.60.csv
2022-11-22 21:12:32.951432,0.5,0.5,0.6,0.5,0.3,6.0,0.7,4.0,E:\GraAcademic\age_contact_and_no_age_seaiq_1107\data\output_source\no_age-structured_output_source\all_states_numbers_no_age_p=0.50_l=0.30_k=0.70.csv
2022-11-22 21:12:32.988430,0.5,0.5,0.6,0.5,0.3,6.0,0.8,4.0,E:\GraAcademic\age_contact_and_no_age_seaiq_1107\data\output_source\no_age-structured_output_source\all_states_numbers_no_age_p=0.50_l=0.30_k=0.80.csv
2022-11-22 21:12:33.029877,0.5,0.5,0.6,0.5,0.3,6.0,0.9,4.0,E:\GraAcademic\age_contact_and_no_age_seaiq_1107\data\output_source\no_age-structured_output_source\all_states_numbers_no_age_p=0.50_l=0.30_k=0.90.csv
2022-11-22 21:12:33.066876,0.5,0.5,0.6,0.5,0.3,6.0,1.0,4.0,E:\GraAcademic\age_contact_and_no_age_seaiq_1107\data\output_source\no_age-structured_output_source\all_states_numbers_no_age_p=0.50_l=0.30_k=1.00.csv
2022-11-22 21:12:33.107891,0.5,0.5,0.6,0.5,0.4,6.0,0.0,4.0,E:\GraAcademic\age_contact_and_no_age_seaiq_1107\data\output_source\no_age-structured_output_source\all_states_numbers_no_age_p=0.50_l=0.40_k=0.00.csv
2022-11-22 21:12:33.145494,0.5,0.5,0.6,0.5,0.4,6.0,0.1,4.0,E:\GraAcademic\age_contact_and_no_age_seaiq_1107\data\output_source\no_age-structured_output_source\all_states_numbers_no_age_p=0.50_l=0.40_k=0.10.csv
2022-11-22 21:12:33.177493,0.5,0.5,0.6,0.5,0.4,6.0,0.2,4.0,E:\GraAcademic\age_contact_and_no_age_seaiq_1107\data\output_source\no_age-structured_output_source\all_states_numbers_no_age_p=0.50_l=0.40_k=0.20.csv
2022-11-22 21:12:33.209977,0.5,0.5,0.6,0.5,0.4,6.0,0.3,4.0,E:\GraAcademic\age_contact_and_no_age_seaiq_1107\data\output_source\no_age-structured_output_source\all_states_numbers_no_age_p=0.50_l=0.40_k=0.30.csv
2022-11-22 21:12:33.237986,0.5,0.5,0.6,0.5,0.4,6.0,0.4,4.0,E:\GraAcademic\age_contact_and_no_age_seaiq_1107\data\output_source\no_age-structured_output_source\all_states_numbers_no_age_p=0.50_l=0.40_k=0.40.csv
2022-11-22 21:12:33.268019,0.5,0.5,0.6,0.5,0.4,6.0,0.5,4.0,E:\GraAcademic\age_contact_and_no_age_seaiq_1107\data\output_source\no_age-structured_output_source\all_states_numbers_no_age_p=0.50_l=0.40_k=0.50.csv
2022-11-22 21:12:33.297061,0.5,0.5,0.6,0.5,0.4,6.0,0.6,4.0,E:\GraAcademic\age_contact_and_no_age_seaiq_1107\data\output_source\no_age-structured_output_source\all_states_numbers_no_age_p=0.50_l=0.40_k=0.60.csv
2022-11-22 21:12:33.333650,0.5,0.5,0.6,0.5,0.4,6.0,0.7,4.0,E:\GraAcademic\age_contact_and_no_age_seaiq_1107\data\output_source\no_age-structured_output_source\all_states_numbers_no_age_p=0.50_l=0.40_k=0.70.csv
2022-11-22 21:12:33.365616,0.5,0.5,0.6,0.5,0.4,6.0,0.8,4.0,E:\GraAcademic\age_contact_and_no_age_seaiq_1107\data\output_source\no_age-structured_output_source\all_states_numbers_no_age_p=0.50_l=0.40_k=0.80.csv
2022-11-22 21:12:33.400693,0.5,0.5,0.6,0.5,0.4,6.0,0.9,4.0,E:\GraAcademic\age_contact_and_no_age_seaiq_1107\data\output_source\no_age-structured_output_source\all_states_numbers_no_age_p=0.50_l=0.40_k=0.90.csv
2022-11-22 21:12:33.432754,0.5,0.5,0.6,0.5,0.4,6.0,1.0,4.0,E:\GraAcademic\age_contact_and_no_age_seaiq_1107\data\output_source\no_age-structured_output_source\all_states_numbers_no_age_p=0.50_l=0.40_k=1.00.csv
2022-11-22 21:12:33.461753,0.5,0.5,0.6,0.5,0.5,6.0,0.0,4.0,E:\GraAcademic\age_contact_and_no_age_seaiq_1107\data\output_source\no_age-structured_output_source\all_states_numbers_no_age_p=0.50_l=0.50_k=0.00.csv
2022-11-22 21:12:33.491791,0.5,0.5,0.6,0.5,0.5,6.0,0.1,4.0,E:\GraAcademic\age_contact_and_no_age_seaiq_1107\data\output_source\no_age-structured_output_source\all_states_numbers_no_age_p=0.50_l=0.50_k=0.10.csv
2022-11-22 21:12:33.522207,0.5,0.5,0.6,0.5,0.5,6.0,0.2,4.0,E:\GraAcademic\age_contact_and_no_age_seaiq_1107\data\output_source\no_age-structured_output_source\all_states_numbers_no_age_p=0.50_l=0.50_k=0.20.csv
2022-11-22 21:12:33.555203,0.5,0.5,0.6,0.5,0.5,6.0,0.3,4.0,E:\GraAcademic\age_contact_and_no_age_seaiq_1107\data\output_source\no_age-structured_output_source\all_states_numbers_no_age_p=0.50_l=0.50_k=0.30.csv
2022-11-22 21:12:33.584927,0.5,0.5,0.6,0.5,0.5,6.0,0.4,4.0,E:\GraAcademic\age_contact_and_no_age_seaiq_1107\data\output_source\no_age-structured_output_source\all_states_numbers_no_age_p=0.50_l=0.50_k=0.40.csv
2022-11-22 21:12:33.613422,0.5,0.5,0.6,0.5,0.5,6.0,0.5,4.0,E:\GraAcademic\age_contact_and_no_age_seaiq_1107\data\output_source\no_age-structured_output_source\all_states_numbers_no_age_p=0.50_l=0.50_k=0.50.csv
2022-11-22 21:12:33.644476,0.5,0.5,0.6,0.5,0.5,6.0,0.6,4.0,E:\GraAcademic\age_contact_and_no_age_seaiq_1107\data\output_source\no_age-structured_output_source\all_states_numbers_no_age_p=0.50_l=0.50_k=0.60.csv
2022-11-22 21:12:33.671476,0.5,0.5,0.6,0.5,0.5,6.0,0.7,4.0,E:\GraAcademic\age_contact_and_no_age_seaiq_1107\data\output_source\no_age-structured_output_source\all_states_numbers_no_age_p=0.50_l=0.50_k=0.70.csv
2022-11-22 21:12:33.701245,0.5,0.5,0.6,0.5,0.5,6.0,0.8,4.0,E:\GraAcademic\age_contact_and_no_age_seaiq_1107\data\output_source\no_age-structured_output_source\all_states_numbers_no_age_p=0.50_l=0.50_k=0.80.csv
2022-11-22 21:12:33.730790,0.5,0.5,0.6,0.5,0.5,6.0,0.9,4.0,E:\GraAcademic\age_contact_and_no_age_seaiq_1107\data\output_source\no_age-structured_output_source\all_states_numbers_no_age_p=0.50_l=0.50_k=0.90.csv
2022-11-22 21:12:33.760752,0.5,0.5,0.6,0.5,0.5,6.0,1.0,4.0,E:\GraAcademic\age_contact_and_no_age_seaiq_1107\data\output_source\no_age-structured_output_source\all_states_numbers_no_age_p=0.50_l=0.50_k=1.00.csv
2022-11-22 21:12:33.788756,0.5,0.5,0.6,0.5,0.6,6.0,0.0,4.0,E:\GraAcademic\age_contact_and_no_age_seaiq_1107\data\output_source\no_age-structured_output_source\all_states_numbers_no_age_p=0.50_l=0.60_k=0.00.csv
2022-11-22 21:12:33.818900,0.5,0.5,0.6,0.5,0.6,6.0,0.1,4.0,E:\GraAcademic\age_contact_and_no_age_seaiq_1107\data\output_source\no_age-structured_output_source\all_states_numbers_no_age_p=0.50_l=0.60_k=0.10.csv
2022-11-22 21:12:33.846942,0.5,0.5,0.6,0.5,0.6,6.0,0.2,4.0,E:\GraAcademic\age_contact_and_no_age_seaiq_1107\data\output_source\no_age-structured_output_source\all_states_numbers_no_age_p=0.50_l=0.60_k=0.20.csv
2022-11-22 21:12:33.876809,0.5,0.5,0.6,0.5,0.6,6.0,0.3,4.0,E:\GraAcademic\age_contact_and_no_age_seaiq_1107\data\output_source\no_age-structured_output_source\all_states_numbers_no_age_p=0.50_l=0.60_k=0.30.csv
2022-11-22 21:12:33.904848,0.5,0.5,0.6,0.5,0.6,6.0,0.4,4.0,E:\GraAcademic\age_contact_and_no_age_seaiq_1107\data\output_source\no_age-structured_output_source\all_states_numbers_no_age_p=0.50_l=0.60_k=0.40.csv
2022-11-22 21:12:33.933283,0.5,0.5,0.6,0.5,0.6,6.0,0.5,4.0,E:\GraAcademic\age_contact_and_no_age_seaiq_1107\data\output_source\no_age-structured_output_source\all_states_numbers_no_age_p=0.50_l=0.60_k=0.50.csv
2022-11-22 21:12:33.961321,0.5,0.5,0.6,0.5,0.6,6.0,0.6,4.0,E:\GraAcademic\age_contact_and_no_age_seaiq_1107\data\output_source\no_age-structured_output_source\all_states_numbers_no_age_p=0.50_l=0.60_k=0.60.csv
2022-11-22 21:12:33.991314,0.5,0.5,0.6,0.5,0.6,6.0,0.7,4.0,E:\GraAcademic\age_contact_and_no_age_seaiq_1107\data\output_source\no_age-structured_output_source\all_states_numbers_no_age_p=0.50_l=0.60_k=0.70.csv
2022-11-22 21:12:34.024918,0.5,0.5,0.6,0.5,0.6,6.0,0.8,4.0,E:\GraAcademic\age_contact_and_no_age_seaiq_1107\data\output_source\no_age-structured_output_source\all_states_numbers_no_age_p=0.50_l=0.60_k=0.80.csv
2022-11-22 21:12:34.063091,0.5,0.5,0.6,0.5,0.6,6.0,0.9,4.0,E:\GraAcademic\age_contact_and_no_age_seaiq_1107\data\output_source\no_age-structured_output_source\all_states_numbers_no_age_p=0.50_l=0.60_k=0.90.csv
2022-11-22 21:12:34.092056,0.5,0.5,0.6,0.5,0.6,6.0,1.0,4.0,E:\GraAcademic\age_contact_and_no_age_seaiq_1107\data\output_source\no_age-structured_output_source\all_states_numbers_no_age_p=0.50_l=0.60_k=1.00.csv
2022-11-22 21:12:34.120131,0.5,0.5,0.6,0.5,0.7,6.0,0.0,4.0,E:\GraAcademic\age_contact_and_no_age_seaiq_1107\data\output_source\no_age-structured_output_source\all_states_numbers_no_age_p=0.50_l=0.70_k=0.00.csv
2022-11-22 21:12:34.149176,0.5,0.5,0.6,0.5,0.7,6.0,0.1,4.0,E:\GraAcademic\age_contact_and_no_age_seaiq_1107\data\output_source\no_age-structured_output_source\all_states_numbers_no_age_p=0.50_l=0.70_k=0.10.csv
2022-11-22 21:12:34.176181,0.5,0.5,0.6,0.5,0.7,6.0,0.2,4.0,E:\GraAcademic\age_contact_and_no_age_seaiq_1107\data\output_source\no_age-structured_output_source\all_states_numbers_no_age_p=0.50_l=0.70_k=0.20.csv
2022-11-22 21:12:34.204362,0.5,0.5,0.6,0.5,0.7,6.0,0.3,4.0,E:\GraAcademic\age_contact_and_no_age_seaiq_1107\data\output_source\no_age-structured_output_source\all_states_numbers_no_age_p=0.50_l=0.70_k=0.30.csv
2022-11-22 21:12:34.231981,0.5,0.5,0.6,0.5,0.7,6.0,0.4,4.0,E:\GraAcademic\age_contact_and_no_age_seaiq_1107\data\output_source\no_age-structured_output_source\all_states_numbers_no_age_p=0.50_l=0.70_k=0.40.csv
2022-11-22 21:12:34.259983,0.5,0.5,0.6,0.5,0.7,6.0,0.5,4.0,E:\GraAcademic\age_contact_and_no_age_seaiq_1107\data\output_source\no_age-structured_output_source\all_states_numbers_no_age_p=0.50_l=0.70_k=0.50.csv
2022-11-22 21:12:34.291982,0.5,0.5,0.6,0.5,0.7,6.0,0.6,4.0,E:\GraAcademic\age_contact_and_no_age_seaiq_1107\data\output_source\no_age-structured_output_source\all_states_numbers_no_age_p=0.50_l=0.70_k=0.60.csv
2022-11-22 21:12:34.321623,0.5,0.5,0.6,0.5,0.7,6.0,0.7,4.0,E:\GraAcademic\age_contact_and_no_age_seaiq_1107\data\output_source\no_age-structured_output_source\all_states_numbers_no_age_p=0.50_l=0.70_k=0.70.csv
2022-11-22 21:12:34.348610,0.5,0.5,0.6,0.5,0.7,6.0,0.8,4.0,E:\GraAcademic\age_contact_and_no_age_seaiq_1107\data\output_source\no_age-structured_output_source\all_states_numbers_no_age_p=0.50_l=0.70_k=0.80.csv
2022-11-22 21:12:34.375995,0.5,0.5,0.6,0.5,0.7,6.0,0.9,4.0,E:\GraAcademic\age_contact_and_no_age_seaiq_1107\data\output_source\no_age-structured_output_source\all_states_numbers_no_age_p=0.50_l=0.70_k=0.90.csv
2022-11-22 21:12:34.405077,0.5,0.5,0.6,0.5,0.7,6.0,1.0,4.0,E:\GraAcademic\age_contact_and_no_age_seaiq_1107\data\output_source\no_age-structured_output_source\all_states_numbers_no_age_p=0.50_l=0.70_k=1.00.csv
2022-11-22 21:12:34.436851,0.5,0.5,0.6,0.5,0.8,6.0,0.0,4.0,E:\GraAcademic\age_contact_and_no_age_seaiq_1107\data\output_source\no_age-structured_output_source\all_states_numbers_no_age_p=0.50_l=0.80_k=0.00.csv
2022-11-22 21:12:34.464888,0.5,0.5,0.6,0.5,0.8,6.0,0.1,4.0,E:\GraAcademic\age_contact_and_no_age_seaiq_1107\data\output_source\no_age-structured_output_source\all_states_numbers_no_age_p=0.50_l=0.80_k=0.10.csv
2022-11-22 21:12:34.494889,0.5,0.5,0.6,0.5,0.8,6.0,0.2,4.0,E:\GraAcademic\age_contact_and_no_age_seaiq_1107\data\output_source\no_age-structured_output_source\all_states_numbers_no_age_p=0.50_l=0.80_k=0.20.csv
2022-11-22 21:12:34.522481,0.5,0.5,0.6,0.5,0.8,6.0,0.3,4.0,E:\GraAcademic\age_contact_and_no_age_seaiq_1107\data\output_source\no_age-structured_output_source\all_states_numbers_no_age_p=0.50_l=0.80_k=0.30.csv
2022-11-22 21:12:34.553163,0.5,0.5,0.6,0.5,0.8,6.0,0.4,4.0,E:\GraAcademic\age_contact_and_no_age_seaiq_1107\data\output_source\no_age-structured_output_source\all_states_numbers_no_age_p=0.50_l=0.80_k=0.40.csv
2022-11-22 21:12:34.580201,0.5,0.5,0.6,0.5,0.8,6.0,0.5,4.0,E:\GraAcademic\age_contact_and_no_age_seaiq_1107\data\output_source\no_age-structured_output_source\all_states_numbers_no_age_p=0.50_l=0.80_k=0.50.csv
2022-11-22 21:12:35.297841,0.5,0.5,0.6,0.5,0.8,6.0,0.6,4.0,E:\GraAcademic\age_contact_and_no_age_seaiq_1107\data\output_source\no_age-structured_output_source\all_states_numbers_no_age_p=0.50_l=0.80_k=0.60.csv
2022-11-22 21:12:35.345462,0.5,0.5,0.6,0.5,0.8,6.0,0.7,4.0,E:\GraAcademic\age_contact_and_no_age_seaiq_1107\data\output_source\no_age-structured_output_source\all_states_numbers_no_age_p=0.50_l=0.80_k=0.70.csv
2022-11-22 21:12:35.931358,0.5,0.5,0.6,0.5,0.8,6.0,0.8,4.0,E:\GraAcademic\age_contact_and_no_age_seaiq_1107\data\output_source\no_age-structured_output_source\all_states_numbers_no_age_p=0.50_l=0.80_k=0.80.csv
2022-11-22 21:12:35.959395,0.5,0.5,0.6,0.5,0.8,6.0,0.9,4.0,E:\GraAcademic\age_contact_and_no_age_seaiq_1107\data\output_source\no_age-structured_output_source\all_states_numbers_no_age_p=0.50_l=0.80_k=0.90.csv
2022-11-22 21:12:36.405770,0.5,0.5,0.6,0.5,0.8,6.0,1.0,4.0,E:\GraAcademic\age_contact_and_no_age_seaiq_1107\data\output_source\no_age-structured_output_source\all_states_numbers_no_age_p=0.50_l=0.80_k=1.00.csv
2022-11-22 21:12:36.433969,0.5,0.5,0.6,0.5,0.9,6.0,0.0,4.0,E:\GraAcademic\age_contact_and_no_age_seaiq_1107\data\output_source\no_age-structured_output_source\all_states_numbers_no_age_p=0.50_l=0.90_k=0.00.csv
2022-11-22 21:12:36.461974,0.5,0.5,0.6,0.5,0.9,6.0,0.1,4.0,E:\GraAcademic\age_contact_and_no_age_seaiq_1107\data\output_source\no_age-structured_output_source\all_states_numbers_no_age_p=0.50_l=0.90_k=0.10.csv
2022-11-22 21:12:36.489155,0.5,0.5,0.6,0.5,0.9,6.0,0.2,4.0,E:\GraAcademic\age_contact_and_no_age_seaiq_1107\data\output_source\no_age-structured_output_source\all_states_numbers_no_age_p=0.50_l=0.90_k=0.20.csv
2022-11-22 21:12:36.517679,0.5,0.5,0.6,0.5,0.9,6.0,0.3,4.0,E:\GraAcademic\age_contact_and_no_age_seaiq_1107\data\output_source\no_age-structured_output_source\all_states_numbers_no_age_p=0.50_l=0.90_k=0.30.csv
2022-11-22 21:12:36.556676,0.5,0.5,0.6,0.5,0.9,6.0,0.4,4.0,E:\GraAcademic\age_contact_and_no_age_seaiq_1107\data\output_source\no_age-structured_output_source\all_states_numbers_no_age_p=0.50_l=0.90_k=0.40.csv
2022-11-22 21:12:36.593714,0.5,0.5,0.6,0.5,0.9,6.0,0.5,4.0,E:\GraAcademic\age_contact_and_no_age_seaiq_1107\data\output_source\no_age-structured_output_source\all_states_numbers_no_age_p=0.50_l=0.90_k=0.50.csv
2022-11-22 21:12:36.621330,0.5,0.5,0.6,0.5,0.9,6.0,0.6,4.0,E:\GraAcademic\age_contact_and_no_age_seaiq_1107\data\output_source\no_age-structured_output_source\all_states_numbers_no_age_p=0.50_l=0.90_k=0.60.csv
2022-11-22 21:12:36.650367,0.5,0.5,0.6,0.5,0.9,6.0,0.7,4.0,E:\GraAcademic\age_contact_and_no_age_seaiq_1107\data\output_source\no_age-structured_output_source\all_states_numbers_no_age_p=0.50_l=0.90_k=0.70.csv
2022-11-22 21:12:36.684124,0.5,0.5,0.6,0.5,0.9,6.0,0.8,4.0,E:\GraAcademic\age_contact_and_no_age_seaiq_1107\data\output_source\no_age-structured_output_source\all_states_numbers_no_age_p=0.50_l=0.90_k=0.80.csv
2022-11-22 21:12:36.712165,0.5,0.5,0.6,0.5,0.9,6.0,0.9,4.0,E:\GraAcademic\age_contact_and_no_age_seaiq_1107\data\output_source\no_age-structured_output_source\all_states_numbers_no_age_p=0.50_l=0.90_k=0.90.csv
2022-11-22 21:12:36.748490,0.5,0.5,0.6,0.5,0.9,6.0,1.0,4.0,E:\GraAcademic\age_contact_and_no_age_seaiq_1107\data\output_source\no_age-structured_output_source\all_states_numbers_no_age_p=0.50_l=0.90_k=1.00.csv
2022-11-22 21:12:36.777528,0.5,0.5,0.6,0.5,1.0,6.0,0.0,4.0,E:\GraAcademic\age_contact_and_no_age_seaiq_1107\data\output_source\no_age-structured_output_source\all_states_numbers_no_age_p=0.50_l=1.00_k=0.00.csv
2022-11-22 21:12:36.807533,0.5,0.5,0.6,0.5,1.0,6.0,0.1,4.0,E:\GraAcademic\age_contact_and_no_age_seaiq_1107\data\output_source\no_age-structured_output_source\all_states_numbers_no_age_p=0.50_l=1.00_k=0.10.csv
2022-11-22 21:12:36.836040,0.5,0.5,0.6,0.5,1.0,6.0,0.2,4.0,E:\GraAcademic\age_contact_and_no_age_seaiq_1107\data\output_source\no_age-structured_output_source\all_states_numbers_no_age_p=0.50_l=1.00_k=0.20.csv
2022-11-22 21:12:36.865621,0.5,0.5,0.6,0.5,1.0,6.0,0.3,4.0,E:\GraAcademic\age_contact_and_no_age_seaiq_1107\data\output_source\no_age-structured_output_source\all_states_numbers_no_age_p=0.50_l=1.00_k=0.30.csv
2022-11-22 21:12:36.893622,0.5,0.5,0.6,0.5,1.0,6.0,0.4,4.0,E:\GraAcademic\age_contact_and_no_age_seaiq_1107\data\output_source\no_age-structured_output_source\all_states_numbers_no_age_p=0.50_l=1.00_k=0.40.csv
2022-11-22 21:12:36.926293,0.5,0.5,0.6,0.5,1.0,6.0,0.5,4.0,E:\GraAcademic\age_contact_and_no_age_seaiq_1107\data\output_source\no_age-structured_output_source\all_states_numbers_no_age_p=0.50_l=1.00_k=0.50.csv
2022-11-22 21:12:36.953293,0.5,0.5,0.6,0.5,1.0,6.0,0.6,4.0,E:\GraAcademic\age_contact_and_no_age_seaiq_1107\data\output_source\no_age-structured_output_source\all_states_numbers_no_age_p=0.50_l=1.00_k=0.60.csv
2022-11-22 21:12:36.984101,0.5,0.5,0.6,0.5,1.0,6.0,0.7,4.0,E:\GraAcademic\age_contact_and_no_age_seaiq_1107\data\output_source\no_age-structured_output_source\all_states_numbers_no_age_p=0.50_l=1.00_k=0.70.csv
2022-11-22 21:12:37.012109,0.5,0.5,0.6,0.5,1.0,6.0,0.8,4.0,E:\GraAcademic\age_contact_and_no_age_seaiq_1107\data\output_source\no_age-structured_output_source\all_states_numbers_no_age_p=0.50_l=1.00_k=0.80.csv
2022-11-22 21:12:37.042626,0.5,0.5,0.6,0.5,1.0,6.0,0.9,4.0,E:\GraAcademic\age_contact_and_no_age_seaiq_1107\data\output_source\no_age-structured_output_source\all_states_numbers_no_age_p=0.50_l=1.00_k=0.90.csv
2022-11-22 21:12:37.071628,0.5,0.5,0.6,0.5,1.0,6.0,1.0,4.0,E:\GraAcademic\age_contact_and_no_age_seaiq_1107\data\output_source\no_age-structured_output_source\all_states_numbers_no_age_p=0.50_l=1.00_k=1.00.csv
2022-11-22 21:12:39.482898,0.1,0.5,0.6,0.5,0.0,6.0,0.0,4.0,E:\GraAcademic\age_contact_and_no_age_seaiq_1107\data\output_source\no_age-structured_output_source\all_states_numbers_no_age_p=0.10_l=0.00_k=0.00.csv
2022-11-22 21:12:39.511904,0.1,0.5,0.6,0.5,0.0,6.0,0.1,4.0,E:\GraAcademic\age_contact_and_no_age_seaiq_1107\data\output_source\no_age-structured_output_source\all_states_numbers_no_age_p=0.10_l=0.00_k=0.10.csv
2022-11-22 21:12:39.540421,0.1,0.5,0.6,0.5,0.0,6.0,0.2,4.0,E:\GraAcademic\age_contact_and_no_age_seaiq_1107\data\output_source\no_age-structured_output_source\all_states_numbers_no_age_p=0.10_l=0.00_k=0.20.csv
2022-11-22 21:12:39.584423,0.1,0.5,0.6,0.5,0.0,6.0,0.3,4.0,E:\GraAcademic\age_contact_and_no_age_seaiq_1107\data\output_source\no_age-structured_output_source\all_states_numbers_no_age_p=0.10_l=0.00_k=0.30.csv
2022-11-22 21:12:39.614430,0.1,0.5,0.6,0.5,0.0,6.0,0.4,4.0,E:\GraAcademic\age_contact_and_no_age_seaiq_1107\data\output_source\no_age-structured_output_source\all_states_numbers_no_age_p=0.10_l=0.00_k=0.40.csv
2022-11-22 21:12:39.659950,0.1,0.5,0.6,0.5,0.0,6.0,0.5,4.0,E:\GraAcademic\age_contact_and_no_age_seaiq_1107\data\output_source\no_age-structured_output_source\all_states_numbers_no_age_p=0.10_l=0.00_k=0.50.csv
2022-11-22 21:12:39.696950,0.1,0.5,0.6,0.5,0.0,6.0,0.6,4.0,E:\GraAcademic\age_contact_and_no_age_seaiq_1107\data\output_source\no_age-structured_output_source\all_states_numbers_no_age_p=0.10_l=0.00_k=0.60.csv
2022-11-22 21:12:40.309042,0.1,0.5,0.6,0.5,0.0,6.0,0.7,4.0,E:\GraAcademic\age_contact_and_no_age_seaiq_1107\data\output_source\no_age-structured_output_source\all_states_numbers_no_age_p=0.10_l=0.00_k=0.70.csv
2022-11-22 21:12:40.338630,0.1,0.5,0.6,0.5,0.0,6.0,0.8,4.0,E:\GraAcademic\age_contact_and_no_age_seaiq_1107\data\output_source\no_age-structured_output_source\all_states_numbers_no_age_p=0.10_l=0.00_k=0.80.csv
2022-11-22 21:12:41.339440,0.1,0.5,0.6,0.5,0.0,6.0,0.9,4.0,E:\GraAcademic\age_contact_and_no_age_seaiq_1107\data\output_source\no_age-structured_output_source\all_states_numbers_no_age_p=0.10_l=0.00_k=0.90.csv
2022-11-22 21:12:41.368403,0.1,0.5,0.6,0.5,0.0,6.0,1.0,4.0,E:\GraAcademic\age_contact_and_no_age_seaiq_1107\data\output_source\no_age-structured_output_source\all_states_numbers_no_age_p=0.10_l=0.00_k=1.00.csv
2022-11-22 21:12:41.401991,0.1,0.5,0.6,0.5,0.1,6.0,0.0,4.0,E:\GraAcademic\age_contact_and_no_age_seaiq_1107\data\output_source\no_age-structured_output_source\all_states_numbers_no_age_p=0.10_l=0.10_k=0.00.csv
2022-11-22 21:12:41.429608,0.1,0.5,0.6,0.5,0.1,6.0,0.1,4.0,E:\GraAcademic\age_contact_and_no_age_seaiq_1107\data\output_source\no_age-structured_output_source\all_states_numbers_no_age_p=0.10_l=0.10_k=0.10.csv
2022-11-22 21:12:41.457604,0.1,0.5,0.6,0.5,0.1,6.0,0.2,4.0,E:\GraAcademic\age_contact_and_no_age_seaiq_1107\data\output_source\no_age-structured_output_source\all_states_numbers_no_age_p=0.10_l=0.10_k=0.20.csv
2022-11-22 21:12:41.484604,0.1,0.5,0.6,0.5,0.1,6.0,0.3,4.0,E:\GraAcademic\age_contact_and_no_age_seaiq_1107\data\output_source\no_age-structured_output_source\all_states_numbers_no_age_p=0.10_l=0.10_k=0.30.csv
2022-11-22 21:12:41.517092,0.1,0.5,0.6,0.5,0.1,6.0,0.4,4.0,E:\GraAcademic\age_contact_and_no_age_seaiq_1107\data\output_source\no_age-structured_output_source\all_states_numbers_no_age_p=0.10_l=0.10_k=0.40.csv
2022-11-22 21:12:41.544683,0.1,0.5,0.6,0.5,0.1,6.0,0.5,4.0,E:\GraAcademic\age_contact_and_no_age_seaiq_1107\data\output_source\no_age-structured_output_source\all_states_numbers_no_age_p=0.10_l=0.10_k=0.50.csv
2022-11-22 21:12:41.572679,0.1,0.5,0.6,0.5,0.1,6.0,0.6,4.0,E:\GraAcademic\age_contact_and_no_age_seaiq_1107\data\output_source\no_age-structured_output_source\all_states_numbers_no_age_p=0.10_l=0.10_k=0.60.csv
2022-11-22 21:12:41.599642,0.1,0.5,0.6,0.5,0.1,6.0,0.7,4.0,E:\GraAcademic\age_contact_and_no_age_seaiq_1107\data\output_source\no_age-structured_output_source\all_states_numbers_no_age_p=0.10_l=0.10_k=0.70.csv
2022-11-22 21:12:41.627193,0.1,0.5,0.6,0.5,0.1,6.0,0.8,4.0,E:\GraAcademic\age_contact_and_no_age_seaiq_1107\data\output_source\no_age-structured_output_source\all_states_numbers_no_age_p=0.10_l=0.10_k=0.80.csv
2022-11-22 21:12:41.655155,0.1,0.5,0.6,0.5,0.1,6.0,0.9,4.0,E:\GraAcademic\age_contact_and_no_age_seaiq_1107\data\output_source\no_age-structured_output_source\all_states_numbers_no_age_p=0.10_l=0.10_k=0.90.csv
2022-11-22 21:12:41.684494,0.1,0.5,0.6,0.5,0.1,6.0,1.0,4.0,E:\GraAcademic\age_contact_and_no_age_seaiq_1107\data\output_source\no_age-structured_output_source\all_states_numbers_no_age_p=0.10_l=0.10_k=1.00.csv
2022-11-22 21:12:41.714581,0.1,0.5,0.6,0.5,0.2,6.0,0.0,4.0,E:\GraAcademic\age_contact_and_no_age_seaiq_1107\data\output_source\no_age-structured_output_source\all_states_numbers_no_age_p=0.10_l=0.20_k=0.00.csv
2022-11-22 21:12:41.746162,0.1,0.5,0.6,0.5,0.2,6.0,0.1,4.0,E:\GraAcademic\age_contact_and_no_age_seaiq_1107\data\output_source\no_age-structured_output_source\all_states_numbers_no_age_p=0.10_l=0.20_k=0.10.csv
2022-11-22 21:12:41.777356,0.1,0.5,0.6,0.5,0.2,6.0,0.2,4.0,E:\GraAcademic\age_contact_and_no_age_seaiq_1107\data\output_source\no_age-structured_output_source\all_states_numbers_no_age_p=0.10_l=0.20_k=0.20.csv
2022-11-22 21:12:41.806377,0.1,0.5,0.6,0.5,0.2,6.0,0.3,4.0,E:\GraAcademic\age_contact_and_no_age_seaiq_1107\data\output_source\no_age-structured_output_source\all_states_numbers_no_age_p=0.10_l=0.20_k=0.30.csv
2022-11-22 21:12:41.837967,0.1,0.5,0.6,0.5,0.2,6.0,0.4,4.0,E:\GraAcademic\age_contact_and_no_age_seaiq_1107\data\output_source\no_age-structured_output_source\all_states_numbers_no_age_p=0.10_l=0.20_k=0.40.csv
2022-11-22 21:12:41.865929,0.1,0.5,0.6,0.5,0.2,6.0,0.5,4.0,E:\GraAcademic\age_contact_and_no_age_seaiq_1107\data\output_source\no_age-structured_output_source\all_states_numbers_no_age_p=0.10_l=0.20_k=0.50.csv
2022-11-22 21:12:41.893968,0.1,0.5,0.6,0.5,0.2,6.0,0.6,4.0,E:\GraAcademic\age_contact_and_no_age_seaiq_1107\data\output_source\no_age-structured_output_source\all_states_numbers_no_age_p=0.10_l=0.20_k=0.60.csv
2022-11-22 21:12:41.923560,0.1,0.5,0.6,0.5,0.2,6.0,0.7,4.0,E:\GraAcademic\age_contact_and_no_age_seaiq_1107\data\output_source\no_age-structured_output_source\all_states_numbers_no_age_p=0.10_l=0.20_k=0.70.csv
2022-11-22 21:12:41.954108,0.1,0.5,0.6,0.5,0.2,6.0,0.8,4.0,E:\GraAcademic\age_contact_and_no_age_seaiq_1107\data\output_source\no_age-structured_output_source\all_states_numbers_no_age_p=0.10_l=0.20_k=0.80.csv
2022-11-22 21:12:41.993071,0.1,0.5,0.6,0.5,0.2,6.0,0.9,4.0,E:\GraAcademic\age_contact_and_no_age_seaiq_1107\data\output_source\no_age-structured_output_source\all_states_numbers_no_age_p=0.10_l=0.20_k=0.90.csv
2022-11-22 21:12:42.027818,0.1,0.5,0.6,0.5,0.2,6.0,1.0,4.0,E:\GraAcademic\age_contact_and_no_age_seaiq_1107\data\output_source\no_age-structured_output_source\all_states_numbers_no_age_p=0.10_l=0.20_k=1.00.csv
2022-11-22 21:12:42.057822,0.1,0.5,0.6,0.5,0.3,6.0,0.0,4.0,E:\GraAcademic\age_contact_and_no_age_seaiq_1107\data\output_source\no_age-structured_output_source\all_states_numbers_no_age_p=0.10_l=0.30_k=0.00.csv
2022-11-22 21:12:42.090077,0.1,0.5,0.6,0.5,0.3,6.0,0.1,4.0,E:\GraAcademic\age_contact_and_no_age_seaiq_1107\data\output_source\no_age-structured_output_source\all_states_numbers_no_age_p=0.10_l=0.30_k=0.10.csv
2022-11-22 21:12:42.118081,0.1,0.5,0.6,0.5,0.3,6.0,0.2,4.0,E:\GraAcademic\age_contact_and_no_age_seaiq_1107\data\output_source\no_age-structured_output_source\all_states_numbers_no_age_p=0.10_l=0.30_k=0.20.csv
2022-11-22 21:12:42.145705,0.1,0.5,0.6,0.5,0.3,6.0,0.3,4.0,E:\GraAcademic\age_contact_and_no_age_seaiq_1107\data\output_source\no_age-structured_output_source\all_states_numbers_no_age_p=0.10_l=0.30_k=0.30.csv
2022-11-22 21:12:42.174705,0.1,0.5,0.6,0.5,0.3,6.0,0.4,4.0,E:\GraAcademic\age_contact_and_no_age_seaiq_1107\data\output_source\no_age-structured_output_source\all_states_numbers_no_age_p=0.10_l=0.30_k=0.40.csv
2022-11-22 21:12:42.202706,0.1,0.5,0.6,0.5,0.3,6.0,0.5,4.0,E:\GraAcademic\age_contact_and_no_age_seaiq_1107\data\output_source\no_age-structured_output_source\all_states_numbers_no_age_p=0.10_l=0.30_k=0.50.csv
2022-11-22 21:12:42.230304,0.1,0.5,0.6,0.5,0.3,6.0,0.6,4.0,E:\GraAcademic\age_contact_and_no_age_seaiq_1107\data\output_source\no_age-structured_output_source\all_states_numbers_no_age_p=0.10_l=0.30_k=0.60.csv
2022-11-22 21:12:42.264394,0.1,0.5,0.6,0.5,0.3,6.0,0.7,4.0,E:\GraAcademic\age_contact_and_no_age_seaiq_1107\data\output_source\no_age-structured_output_source\all_states_numbers_no_age_p=0.10_l=0.30_k=0.70.csv
2022-11-22 21:12:42.293361,0.1,0.5,0.6,0.5,0.3,6.0,0.8,4.0,E:\GraAcademic\age_contact_and_no_age_seaiq_1107\data\output_source\no_age-structured_output_source\all_states_numbers_no_age_p=0.10_l=0.30_k=0.80.csv
2022-11-22 21:12:42.321858,0.1,0.5,0.6,0.5,0.3,6.0,0.9,4.0,E:\GraAcademic\age_contact_and_no_age_seaiq_1107\data\output_source\no_age-structured_output_source\all_states_numbers_no_age_p=0.10_l=0.30_k=0.90.csv
2022-11-22 21:12:42.349900,0.1,0.5,0.6,0.5,0.3,6.0,1.0,4.0,E:\GraAcademic\age_contact_and_no_age_seaiq_1107\data\output_source\no_age-structured_output_source\all_states_numbers_no_age_p=0.10_l=0.30_k=1.00.csv
2022-11-22 21:12:42.379679,0.1,0.5,0.6,0.5,0.4,6.0,0.0,4.0,E:\GraAcademic\age_contact_and_no_age_seaiq_1107\data\output_source\no_age-structured_output_source\all_states_numbers_no_age_p=0.10_l=0.40_k=0.00.csv
2022-11-22 21:12:42.406677,0.1,0.5,0.6,0.5,0.4,6.0,0.1,4.0,E:\GraAcademic\age_contact_and_no_age_seaiq_1107\data\output_source\no_age-structured_output_source\all_states_numbers_no_age_p=0.10_l=0.40_k=0.10.csv
2022-11-22 21:12:42.434221,0.1,0.5,0.6,0.5,0.4,6.0,0.2,4.0,E:\GraAcademic\age_contact_and_no_age_seaiq_1107\data\output_source\no_age-structured_output_source\all_states_numbers_no_age_p=0.10_l=0.40_k=0.20.csv
2022-11-22 21:12:42.461229,0.1,0.5,0.6,0.5,0.4,6.0,0.3,4.0,E:\GraAcademic\age_contact_and_no_age_seaiq_1107\data\output_source\no_age-structured_output_source\all_states_numbers_no_age_p=0.10_l=0.40_k=0.30.csv
2022-11-22 21:12:42.489178,0.1,0.5,0.6,0.5,0.4,6.0,0.4,4.0,E:\GraAcademic\age_contact_and_no_age_seaiq_1107\data\output_source\no_age-structured_output_source\all_states_numbers_no_age_p=0.10_l=0.40_k=0.40.csv
2022-11-22 21:12:42.520257,0.1,0.5,0.6,0.5,0.4,6.0,0.5,4.0,E:\GraAcademic\age_contact_and_no_age_seaiq_1107\data\output_source\no_age-structured_output_source\all_states_numbers_no_age_p=0.10_l=0.40_k=0.50.csv
2022-11-22 21:12:42.546807,0.1,0.5,0.6,0.5,0.4,6.0,0.6,4.0,E:\GraAcademic\age_contact_and_no_age_seaiq_1107\data\output_source\no_age-structured_output_source\all_states_numbers_no_age_p=0.10_l=0.40_k=0.60.csv
2022-11-22 21:12:42.575202,0.1,0.5,0.6,0.5,0.4,6.0,0.7,4.0,E:\GraAcademic\age_contact_and_no_age_seaiq_1107\data\output_source\no_age-structured_output_source\all_states_numbers_no_age_p=0.10_l=0.40_k=0.70.csv
2022-11-22 21:12:42.603239,0.1,0.5,0.6,0.5,0.4,6.0,0.8,4.0,E:\GraAcademic\age_contact_and_no_age_seaiq_1107\data\output_source\no_age-structured_output_source\all_states_numbers_no_age_p=0.10_l=0.40_k=0.80.csv
2022-11-22 21:12:42.633861,0.1,0.5,0.6,0.5,0.4,6.0,0.9,4.0,E:\GraAcademic\age_contact_and_no_age_seaiq_1107\data\output_source\no_age-structured_output_source\all_states_numbers_no_age_p=0.10_l=0.40_k=0.90.csv
2022-11-22 21:12:42.661861,0.1,0.5,0.6,0.5,0.4,6.0,1.0,4.0,E:\GraAcademic\age_contact_and_no_age_seaiq_1107\data\output_source\no_age-structured_output_source\all_states_numbers_no_age_p=0.10_l=0.40_k=1.00.csv
2022-11-22 21:12:42.689862,0.1,0.5,0.6,0.5,0.5,6.0,0.0,4.0,E:\GraAcademic\age_contact_and_no_age_seaiq_1107\data\output_source\no_age-structured_output_source\all_states_numbers_no_age_p=0.10_l=0.50_k=0.00.csv
2022-11-22 21:12:42.722256,0.1,0.5,0.6,0.5,0.5,6.0,0.1,4.0,E:\GraAcademic\age_contact_and_no_age_seaiq_1107\data\output_source\no_age-structured_output_source\all_states_numbers_no_age_p=0.10_l=0.50_k=0.10.csv
2022-11-22 21:12:42.755073,0.1,0.5,0.6,0.5,0.5,6.0,0.2,4.0,E:\GraAcademic\age_contact_and_no_age_seaiq_1107\data\output_source\no_age-structured_output_source\all_states_numbers_no_age_p=0.10_l=0.50_k=0.20.csv
2022-11-22 21:12:42.784035,0.1,0.5,0.6,0.5,0.5,6.0,0.3,4.0,E:\GraAcademic\age_contact_and_no_age_seaiq_1107\data\output_source\no_age-structured_output_source\all_states_numbers_no_age_p=0.10_l=0.50_k=0.30.csv
2022-11-22 21:12:42.814770,0.1,0.5,0.6,0.5,0.5,6.0,0.4,4.0,E:\GraAcademic\age_contact_and_no_age_seaiq_1107\data\output_source\no_age-structured_output_source\all_states_numbers_no_age_p=0.10_l=0.50_k=0.40.csv
2022-11-22 21:12:42.842280,0.1,0.5,0.6,0.5,0.5,6.0,0.5,4.0,E:\GraAcademic\age_contact_and_no_age_seaiq_1107\data\output_source\no_age-structured_output_source\all_states_numbers_no_age_p=0.10_l=0.50_k=0.50.csv
2022-11-22 21:12:42.872709,0.1,0.5,0.6,0.5,0.5,6.0,0.6,4.0,E:\GraAcademic\age_contact_and_no_age_seaiq_1107\data\output_source\no_age-structured_output_source\all_states_numbers_no_age_p=0.10_l=0.50_k=0.60.csv
2022-11-22 21:12:42.900744,0.1,0.5,0.6,0.5,0.5,6.0,0.7,4.0,E:\GraAcademic\age_contact_and_no_age_seaiq_1107\data\output_source\no_age-structured_output_source\all_states_numbers_no_age_p=0.10_l=0.50_k=0.70.csv
2022-11-22 21:12:42.929297,0.1,0.5,0.6,0.5,0.5,6.0,0.8,4.0,E:\GraAcademic\age_contact_and_no_age_seaiq_1107\data\output_source\no_age-structured_output_source\all_states_numbers_no_age_p=0.10_l=0.50_k=0.80.csv
2022-11-22 21:12:42.963259,0.1,0.5,0.6,0.5,0.5,6.0,0.9,4.0,E:\GraAcademic\age_contact_and_no_age_seaiq_1107\data\output_source\no_age-structured_output_source\all_states_numbers_no_age_p=0.10_l=0.50_k=0.90.csv
2022-11-22 21:12:42.997296,0.1,0.5,0.6,0.5,0.5,6.0,1.0,4.0,E:\GraAcademic\age_contact_and_no_age_seaiq_1107\data\output_source\no_age-structured_output_source\all_states_numbers_no_age_p=0.10_l=0.50_k=1.00.csv
2022-11-22 21:12:43.025819,0.1,0.5,0.6,0.5,0.6,6.0,0.0,4.0,E:\GraAcademic\age_contact_and_no_age_seaiq_1107\data\output_source\no_age-structured_output_source\all_states_numbers_no_age_p=0.10_l=0.60_k=0.00.csv
2022-11-22 21:12:43.052852,0.1,0.5,0.6,0.5,0.6,6.0,0.1,4.0,E:\GraAcademic\age_contact_and_no_age_seaiq_1107\data\output_source\no_age-structured_output_source\all_states_numbers_no_age_p=0.10_l=0.60_k=0.10.csv
2022-11-22 21:12:43.084165,0.1,0.5,0.6,0.5,0.6,6.0,0.2,4.0,E:\GraAcademic\age_contact_and_no_age_seaiq_1107\data\output_source\no_age-structured_output_source\all_states_numbers_no_age_p=0.10_l=0.60_k=0.20.csv
2022-11-22 21:12:43.117172,0.1,0.5,0.6,0.5,0.6,6.0,0.3,4.0,E:\GraAcademic\age_contact_and_no_age_seaiq_1107\data\output_source\no_age-structured_output_source\all_states_numbers_no_age_p=0.10_l=0.60_k=0.30.csv
2022-11-22 21:12:43.154761,0.1,0.5,0.6,0.5,0.6,6.0,0.4,4.0,E:\GraAcademic\age_contact_and_no_age_seaiq_1107\data\output_source\no_age-structured_output_source\all_states_numbers_no_age_p=0.10_l=0.60_k=0.40.csv
2022-11-22 21:12:43.182758,0.1,0.5,0.6,0.5,0.6,6.0,0.5,4.0,E:\GraAcademic\age_contact_and_no_age_seaiq_1107\data\output_source\no_age-structured_output_source\all_states_numbers_no_age_p=0.10_l=0.60_k=0.50.csv
2022-11-22 21:12:43.213768,0.1,0.5,0.6,0.5,0.6,6.0,0.6,4.0,E:\GraAcademic\age_contact_and_no_age_seaiq_1107\data\output_source\no_age-structured_output_source\all_states_numbers_no_age_p=0.10_l=0.60_k=0.60.csv
2022-11-22 21:12:43.241315,0.1,0.5,0.6,0.5,0.6,6.0,0.7,4.0,E:\GraAcademic\age_contact_and_no_age_seaiq_1107\data\output_source\no_age-structured_output_source\all_states_numbers_no_age_p=0.10_l=0.60_k=0.70.csv
2022-11-22 21:12:43.271777,0.1,0.5,0.6,0.5,0.6,6.0,0.8,4.0,E:\GraAcademic\age_contact_and_no_age_seaiq_1107\data\output_source\no_age-structured_output_source\all_states_numbers_no_age_p=0.10_l=0.60_k=0.80.csv
2022-11-22 21:12:43.299742,0.1,0.5,0.6,0.5,0.6,6.0,0.9,4.0,E:\GraAcademic\age_contact_and_no_age_seaiq_1107\data\output_source\no_age-structured_output_source\all_states_numbers_no_age_p=0.10_l=0.60_k=0.90.csv
2022-11-22 21:12:43.329367,0.1,0.5,0.6,0.5,0.6,6.0,1.0,4.0,E:\GraAcademic\age_contact_and_no_age_seaiq_1107\data\output_source\no_age-structured_output_source\all_states_numbers_no_age_p=0.10_l=0.60_k=1.00.csv
2022-11-22 21:12:43.366331,0.1,0.5,0.6,0.5,0.7,6.0,0.0,4.0,E:\GraAcademic\age_contact_and_no_age_seaiq_1107\data\output_source\no_age-structured_output_source\all_states_numbers_no_age_p=0.10_l=0.70_k=0.00.csv
2022-11-22 21:12:43.399334,0.1,0.5,0.6,0.5,0.7,6.0,0.1,4.0,E:\GraAcademic\age_contact_and_no_age_seaiq_1107\data\output_source\no_age-structured_output_source\all_states_numbers_no_age_p=0.10_l=0.70_k=0.10.csv
2022-11-22 21:12:43.426844,0.1,0.5,0.6,0.5,0.7,6.0,0.2,4.0,E:\GraAcademic\age_contact_and_no_age_seaiq_1107\data\output_source\no_age-structured_output_source\all_states_numbers_no_age_p=0.10_l=0.70_k=0.20.csv
2022-11-22 21:12:43.458385,0.1,0.5,0.6,0.5,0.7,6.0,0.3,4.0,E:\GraAcademic\age_contact_and_no_age_seaiq_1107\data\output_source\no_age-structured_output_source\all_states_numbers_no_age_p=0.10_l=0.70_k=0.30.csv
2022-11-22 21:12:43.485425,0.1,0.5,0.6,0.5,0.7,6.0,0.4,4.0,E:\GraAcademic\age_contact_and_no_age_seaiq_1107\data\output_source\no_age-structured_output_source\all_states_numbers_no_age_p=0.10_l=0.70_k=0.40.csv
2022-11-22 21:12:43.514881,0.1,0.5,0.6,0.5,0.7,6.0,0.5,4.0,E:\GraAcademic\age_contact_and_no_age_seaiq_1107\data\output_source\no_age-structured_output_source\all_states_numbers_no_age_p=0.10_l=0.70_k=0.50.csv
2022-11-22 21:12:43.543468,0.1,0.5,0.6,0.5,0.7,6.0,0.6,4.0,E:\GraAcademic\age_contact_and_no_age_seaiq_1107\data\output_source\no_age-structured_output_source\all_states_numbers_no_age_p=0.10_l=0.70_k=0.60.csv
2022-11-22 21:12:43.571769,0.1,0.5,0.6,0.5,0.7,6.0,0.7,4.0,E:\GraAcademic\age_contact_and_no_age_seaiq_1107\data\output_source\no_age-structured_output_source\all_states_numbers_no_age_p=0.10_l=0.70_k=0.70.csv
2022-11-22 21:12:43.598804,0.1,0.5,0.6,0.5,0.7,6.0,0.8,4.0,E:\GraAcademic\age_contact_and_no_age_seaiq_1107\data\output_source\no_age-structured_output_source\all_states_numbers_no_age_p=0.10_l=0.70_k=0.80.csv
2022-11-22 21:12:43.627092,0.1,0.5,0.6,0.5,0.7,6.0,0.9,4.0,E:\GraAcademic\age_contact_and_no_age_seaiq_1107\data\output_source\no_age-structured_output_source\all_states_numbers_no_age_p=0.10_l=0.70_k=0.90.csv
2022-11-22 21:12:43.657053,0.1,0.5,0.6,0.5,0.7,6.0,1.0,4.0,E:\GraAcademic\age_contact_and_no_age_seaiq_1107\data\output_source\no_age-structured_output_source\all_states_numbers_no_age_p=0.10_l=0.70_k=1.00.csv
2022-11-22 21:12:43.690587,0.1,0.5,0.6,0.5,0.8,6.0,0.0,4.0,E:\GraAcademic\age_contact_and_no_age_seaiq_1107\data\output_source\no_age-structured_output_source\all_states_numbers_no_age_p=0.10_l=0.80_k=0.00.csv
2022-11-22 21:12:43.718183,0.1,0.5,0.6,0.5,0.8,6.0,0.1,4.0,E:\GraAcademic\age_contact_and_no_age_seaiq_1107\data\output_source\no_age-structured_output_source\all_states_numbers_no_age_p=0.10_l=0.80_k=0.10.csv
2022-11-22 21:12:43.748694,0.1,0.5,0.6,0.5,0.8,6.0,0.2,4.0,E:\GraAcademic\age_contact_and_no_age_seaiq_1107\data\output_source\no_age-structured_output_source\all_states_numbers_no_age_p=0.10_l=0.80_k=0.20.csv
2022-11-22 21:12:43.778694,0.1,0.5,0.6,0.5,0.8,6.0,0.3,4.0,E:\GraAcademic\age_contact_and_no_age_seaiq_1107\data\output_source\no_age-structured_output_source\all_states_numbers_no_age_p=0.10_l=0.80_k=0.30.csv
2022-11-22 21:12:43.805728,0.1,0.5,0.6,0.5,0.8,6.0,0.4,4.0,E:\GraAcademic\age_contact_and_no_age_seaiq_1107\data\output_source\no_age-structured_output_source\all_states_numbers_no_age_p=0.10_l=0.80_k=0.40.csv
2022-11-22 21:12:43.834581,0.1,0.5,0.6,0.5,0.8,6.0,0.5,4.0,E:\GraAcademic\age_contact_and_no_age_seaiq_1107\data\output_source\no_age-structured_output_source\all_states_numbers_no_age_p=0.10_l=0.80_k=0.50.csv
2022-11-22 21:12:43.863611,0.1,0.5,0.6,0.5,0.8,6.0,0.6,4.0,E:\GraAcademic\age_contact_and_no_age_seaiq_1107\data\output_source\no_age-structured_output_source\all_states_numbers_no_age_p=0.10_l=0.80_k=0.60.csv
2022-11-22 21:12:43.892572,0.1,0.5,0.6,0.5,0.8,6.0,0.7,4.0,E:\GraAcademic\age_contact_and_no_age_seaiq_1107\data\output_source\no_age-structured_output_source\all_states_numbers_no_age_p=0.10_l=0.80_k=0.70.csv
2022-11-22 21:12:43.921584,0.1,0.5,0.6,0.5,0.8,6.0,0.8,4.0,E:\GraAcademic\age_contact_and_no_age_seaiq_1107\data\output_source\no_age-structured_output_source\all_states_numbers_no_age_p=0.10_l=0.80_k=0.80.csv
2022-11-22 21:12:43.953639,0.1,0.5,0.6,0.5,0.8,6.0,0.9,4.0,E:\GraAcademic\age_contact_and_no_age_seaiq_1107\data\output_source\no_age-structured_output_source\all_states_numbers_no_age_p=0.10_l=0.80_k=0.90.csv
2022-11-22 21:12:43.981672,0.1,0.5,0.6,0.5,0.8,6.0,1.0,4.0,E:\GraAcademic\age_contact_and_no_age_seaiq_1107\data\output_source\no_age-structured_output_source\all_states_numbers_no_age_p=0.10_l=0.80_k=1.00.csv
2022-11-22 21:12:44.010736,0.1,0.5,0.6,0.5,0.9,6.0,0.0,4.0,E:\GraAcademic\age_contact_and_no_age_seaiq_1107\data\output_source\no_age-structured_output_source\all_states_numbers_no_age_p=0.10_l=0.90_k=0.00.csv
2022-11-22 21:12:44.038282,0.1,0.5,0.6,0.5,0.9,6.0,0.1,4.0,E:\GraAcademic\age_contact_and_no_age_seaiq_1107\data\output_source\no_age-structured_output_source\all_states_numbers_no_age_p=0.10_l=0.90_k=0.10.csv
2022-11-22 21:12:44.066282,0.1,0.5,0.6,0.5,0.9,6.0,0.2,4.0,E:\GraAcademic\age_contact_and_no_age_seaiq_1107\data\output_source\no_age-structured_output_source\all_states_numbers_no_age_p=0.10_l=0.90_k=0.20.csv
2022-11-22 21:12:44.093282,0.1,0.5,0.6,0.5,0.9,6.0,0.3,4.0,E:\GraAcademic\age_contact_and_no_age_seaiq_1107\data\output_source\no_age-structured_output_source\all_states_numbers_no_age_p=0.10_l=0.90_k=0.30.csv
2022-11-22 21:12:44.124768,0.1,0.5,0.6,0.5,0.9,6.0,0.4,4.0,E:\GraAcademic\age_contact_and_no_age_seaiq_1107\data\output_source\no_age-structured_output_source\all_states_numbers_no_age_p=0.10_l=0.90_k=0.40.csv
2022-11-22 21:12:44.152768,0.1,0.5,0.6,0.5,0.9,6.0,0.5,4.0,E:\GraAcademic\age_contact_and_no_age_seaiq_1107\data\output_source\no_age-structured_output_source\all_states_numbers_no_age_p=0.10_l=0.90_k=0.50.csv
2022-11-22 21:12:44.181771,0.1,0.5,0.6,0.5,0.9,6.0,0.6,4.0,E:\GraAcademic\age_contact_and_no_age_seaiq_1107\data\output_source\no_age-structured_output_source\all_states_numbers_no_age_p=0.10_l=0.90_k=0.60.csv
2022-11-22 21:12:44.209846,0.1,0.5,0.6,0.5,0.9,6.0,0.7,4.0,E:\GraAcademic\age_contact_and_no_age_seaiq_1107\data\output_source\no_age-structured_output_source\all_states_numbers_no_age_p=0.10_l=0.90_k=0.70.csv
2022-11-22 21:12:44.236991,0.1,0.5,0.6,0.5,0.9,6.0,0.8,4.0,E:\GraAcademic\age_contact_and_no_age_seaiq_1107\data\output_source\no_age-structured_output_source\all_states_numbers_no_age_p=0.10_l=0.90_k=0.80.csv
2022-11-22 21:12:44.266031,0.1,0.5,0.6,0.5,0.9,6.0,0.9,4.0,E:\GraAcademic\age_contact_and_no_age_seaiq_1107\data\output_source\no_age-structured_output_source\all_states_numbers_no_age_p=0.10_l=0.90_k=0.90.csv
2022-11-22 21:12:44.294028,0.1,0.5,0.6,0.5,0.9,6.0,1.0,4.0,E:\GraAcademic\age_contact_and_no_age_seaiq_1107\data\output_source\no_age-structured_output_source\all_states_numbers_no_age_p=0.10_l=0.90_k=1.00.csv
2022-11-22 21:12:44.322030,0.1,0.5,0.6,0.5,1.0,6.0,0.0,4.0,E:\GraAcademic\age_contact_and_no_age_seaiq_1107\data\output_source\no_age-structured_output_source\all_states_numbers_no_age_p=0.10_l=1.00_k=0.00.csv
2022-11-22 21:12:44.349584,0.1,0.5,0.6,0.5,1.0,6.0,0.1,4.0,E:\GraAcademic\age_contact_and_no_age_seaiq_1107\data\output_source\no_age-structured_output_source\all_states_numbers_no_age_p=0.10_l=1.00_k=0.10.csv
2022-11-22 21:12:44.377550,0.1,0.5,0.6,0.5,1.0,6.0,0.2,4.0,E:\GraAcademic\age_contact_and_no_age_seaiq_1107\data\output_source\no_age-structured_output_source\all_states_numbers_no_age_p=0.10_l=1.00_k=0.20.csv
2022-11-22 21:12:44.404583,0.1,0.5,0.6,0.5,1.0,6.0,0.3,4.0,E:\GraAcademic\age_contact_and_no_age_seaiq_1107\data\output_source\no_age-structured_output_source\all_states_numbers_no_age_p=0.10_l=1.00_k=0.30.csv
2022-11-22 21:12:44.436777,0.1,0.5,0.6,0.5,1.0,6.0,0.4,4.0,E:\GraAcademic\age_contact_and_no_age_seaiq_1107\data\output_source\no_age-structured_output_source\all_states_numbers_no_age_p=0.10_l=1.00_k=0.40.csv
2022-11-22 21:12:44.464814,0.1,0.5,0.6,0.5,1.0,6.0,0.5,4.0,E:\GraAcademic\age_contact_and_no_age_seaiq_1107\data\output_source\no_age-structured_output_source\all_states_numbers_no_age_p=0.10_l=1.00_k=0.50.csv
2022-11-22 21:12:44.492815,0.1,0.5,0.6,0.5,1.0,6.0,0.6,4.0,E:\GraAcademic\age_contact_and_no_age_seaiq_1107\data\output_source\no_age-structured_output_source\all_states_numbers_no_age_p=0.10_l=1.00_k=0.60.csv
2022-11-22 21:12:44.519820,0.1,0.5,0.6,0.5,1.0,6.0,0.7,4.0,E:\GraAcademic\age_contact_and_no_age_seaiq_1107\data\output_source\no_age-structured_output_source\all_states_numbers_no_age_p=0.10_l=1.00_k=0.70.csv
2022-11-22 21:12:44.550222,0.1,0.5,0.6,0.5,1.0,6.0,0.8,4.0,E:\GraAcademic\age_contact_and_no_age_seaiq_1107\data\output_source\no_age-structured_output_source\all_states_numbers_no_age_p=0.10_l=1.00_k=0.80.csv
2022-11-22 21:12:44.578222,0.1,0.5,0.6,0.5,1.0,6.0,0.9,4.0,E:\GraAcademic\age_contact_and_no_age_seaiq_1107\data\output_source\no_age-structured_output_source\all_states_numbers_no_age_p=0.10_l=1.00_k=0.90.csv
2022-11-22 21:12:44.609709,0.1,0.5,0.6,0.5,1.0,6.0,1.0,4.0,E:\GraAcademic\age_contact_and_no_age_seaiq_1107\data\output_source\no_age-structured_output_source\all_states_numbers_no_age_p=0.10_l=1.00_k=1.00.csv
2023-04-22 12:39:09.996659,0.1,0.5,0.6,0.5,0.8,6.0,0.5,4.0,C:\Users\Administrator\Desktop\age_contact_and_no_age_seaiq\data\output_source\no_age-structured_output_source\all_states_numbers_no_age_p=0.10_l=0.80_k=0.50.csv
2023-04-22 12:51:58.216150,0.1,0.5,0.6,0.5,0.8,6.0,0.5,4.0,C:\Users\Administrator\Desktop\age_contact_and_no_age_seaiq\data\output_source\no_age-structured_output_source\all_states_numbers_no_age_p=0.10_l=0.80_k=0.50.csv
2023-04-22 12:54:20.153946,0.1,0.5,0.6,0.5,0.8,6.0,0.5,4.0,C:\Users\Administrator\Desktop\age_contact_and_no_age_seaiq\data\output_source\no_age-structured_output_source\all_states_numbers_no_age_p=0.10_l=0.80_k=0.50.csv
2023-04-22 12:54:28.999668,0.1,0.5,0.6,0.5,0.8,6.0,0.5,4.0,C:\Users\Administrator\Desktop\age_contact_and_no_age_seaiq\data\output_source\no_age-structured_output_source\all_states_numbers_no_age_p=0.10_l=0.80_k=0.50.csv
2023-04-22 12:55:03.038051,0.1,0.5,1,0.5,0.8,6.0,0.5,4.0,C:\Users\Administrator\Desktop\age_contact_and_no_age_seaiq\data\output_source\no_age-structured_output_source\all_states_numbers_no_age_p=0.10_l=0.80_k=0.50.csv
2023-04-22 12:55:27.942821,0.1,0.5,1,0.5,0.8,6.0,0.5,4.0,C:\Users\Administrator\Desktop\age_contact_and_no_age_seaiq\data\output_source\no_age-structured_output_source\all_states_numbers_no_age_p=0.10_l=0.80_k=0.50.csv
2023-04-22 12:55:35.690331,0.1,0.5,1,0.5,0.8,6.0,0.5,4.0,C:\Users\Administrator\Desktop\age_contact_and_no_age_seaiq\data\output_source\no_age-structured_output_source\all_states_numbers_no_age_p=0.10_l=0.80_k=0.50.csv
2023-04-22 12:56:00.453384,0.5,0.5,1,0.5,0.8,6.0,0.5,4.0,C:\Users\Administrator\Desktop\age_contact_and_no_age_seaiq\data\output_source\no_age-structured_output_source\all_states_numbers_no_age_p=0.50_l=0.80_k=0.50.csv
2023-04-22 12:57:38.348124,0.5,0.5,1,0.5,0.8,6.0,0.5,4.0,C:\Users\Administrator\Desktop\age_contact_and_no_age_seaiq\data\output_source\no_age-structured_output_source\all_states_numbers_no_age_p=0.50_l=0.80_k=0.50.csv
2023-05-22 15:35:34.704875,0.5,0.5,1,1,0.8,6.0,0.5,4.0,C:\Users\Administrator\Desktop\age_contact_and_no_age_seaiq\data\output_source\no_age-structured_output_source\all_states_numbers_no_age_p=0.50_l=0.80_k=0.50.csv
2023-05-23 14:53:38.196500,0.5,0.5,1,1,0.2,6.0,0.2,4.0,C:\Users\Administrator\Desktop\age_contact_and_no_age_seaiq\data\output_source\no_age-structured_output_source\all_states_numbers_no_age_p=0.50_l=0.20_k=0.20.csv
